"geo_entity2","m","method","order","SC","qD","qD.LCL","qD.UCL","iteration"
"Hawai'i Island",57,"interpolated",0,0.98,6.307,6.22,6.394,1
"Hawai'i Island",57,"interpolated",1,0.98,3.669,3.61,3.728,1
"Hawai'i Island",57,"interpolated",2,0.98,2.84,2.796,2.885,1
"Kaua'i Island",235,"interpolated",0,0.98,17.188,16.833,17.542,1
"Kaua'i Island",235,"interpolated",1,0.98,7.589,7.43,7.749,1
"Kaua'i Island",235,"interpolated",2,0.98,5.419,5.31,5.528,1
"Maui Nui",246,"interpolated",0,0.98,17.936,17.55,18.322,1
"Maui Nui",246,"interpolated",1,0.98,5.679,5.544,5.813,1
"Maui Nui",246,"interpolated",2,0.98,3.712,3.64,3.785,1
"O'ahu Island",191,"interpolated",0,0.98,16.169,15.786,16.553,1
"O'ahu Island",191,"interpolated",1,0.98,8.003,7.799,8.208,1
"O'ahu Island",191,"interpolated",2,0.98,5.524,5.381,5.667,1
"Hawai'i Island",81,"interpolated",0,0.98,8.343,8.234,8.452,2
"Hawai'i Island",81,"interpolated",1,0.98,4.228,4.141,4.314,2
"Hawai'i Island",81,"interpolated",2,0.98,3.029,2.962,3.095,2
"Kaua'i Island",380,"interpolated",0,0.98,35.502,34.877,36.128,2
"Kaua'i Island",380,"interpolated",1,0.98,14.799,14.361,15.238,2
"Kaua'i Island",380,"interpolated",2,0.98,9.124,8.853,9.395,2
"Maui Nui",190,"interpolated",0,0.98,12.77,12.471,13.068,2
"Maui Nui",190,"interpolated",1,0.98,4.704,4.617,4.791,2
"Maui Nui",190,"interpolated",2,0.98,3.196,3.141,3.25,2
"O'ahu Island",254,"interpolated",0,0.98,17.464,16.892,18.036,2
"O'ahu Island",254,"interpolated",1,0.98,7.928,7.737,8.12,2
"O'ahu Island",254,"interpolated",2,0.98,5.73,5.588,5.871,2
"Hawai'i Island",57,"interpolated",0,0.98,5.566,5.45,5.681,3
"Hawai'i Island",57,"interpolated",1,0.98,3.558,3.5,3.616,3
"Hawai'i Island",57,"interpolated",2,0.98,2.838,2.786,2.89,3
"Kaua'i Island",378,"interpolated",0,0.98,31.195,30.607,31.783,3
"Kaua'i Island",378,"interpolated",1,0.98,9.698,9.427,9.969,3
"Kaua'i Island",378,"interpolated",2,0.98,5.422,5.285,5.559,3
"Maui Nui",197,"interpolated",0,0.98,12.842,12.569,13.115,3
"Maui Nui",197,"interpolated",1,0.98,5.361,5.279,5.444,3
"Maui Nui",197,"interpolated",2,0.98,4.037,3.982,4.092,3
"O'ahu Island",173,"interpolated",0,0.98,15.227,14.854,15.601,3
"O'ahu Island",173,"interpolated",1,0.98,8.086,7.911,8.26,3
"O'ahu Island",173,"interpolated",2,0.98,5.917,5.768,6.066,3
"Hawai'i Island",132,"interpolated",0,0.98,9.898,9.706,10.089,4
"Hawai'i Island",132,"interpolated",1,0.98,3.168,3.101,3.235,4
"Hawai'i Island",132,"interpolated",2,0.98,1.968,1.933,2.002,4
"Kaua'i Island",236,"interpolated",0,0.98,17.149,16.746,17.552,4
"Kaua'i Island",236,"interpolated",1,0.98,7.229,7.08,7.379,4
"Kaua'i Island",236,"interpolated",2,0.98,4.997,4.886,5.108,4
"Maui Nui",86,"interpolated",0,0.98,6.145,6.031,6.259,4
"Maui Nui",86,"interpolated",1,0.98,3.367,3.329,3.405,4
"Maui Nui",86,"interpolated",2,0.98,2.681,2.649,2.713,4
"O'ahu Island",190,"interpolated",0,0.98,14.355,13.871,14.84,4
"O'ahu Island",190,"interpolated",1,0.98,6.265,6.058,6.473,4
"O'ahu Island",190,"interpolated",2,0.98,4.255,4.095,4.416,4
"Hawai'i Island",73,"interpolated",0,0.98,7.496,7.351,7.64,5
"Hawai'i Island",73,"interpolated",1,0.98,3.789,3.7,3.878,5
"Hawai'i Island",73,"interpolated",2,0.98,2.57,2.511,2.629,5
"Kaua'i Island",367,"interpolated",0,0.98,29.398,28.8,29.996,5
"Kaua'i Island",367,"interpolated",1,0.98,9.974,9.71,10.238,5
"Kaua'i Island",367,"interpolated",2,0.98,6.06,5.91,6.21,5
"Maui Nui",114,"interpolated",0,0.98,9.897,9.76,10.034,5
"Maui Nui",114,"interpolated",1,0.98,5.057,4.987,5.128,5
"Maui Nui",114,"interpolated",2,0.98,3.626,3.568,3.684,5
"O'ahu Island",158,"interpolated",0,0.98,13.732,13.33,14.134,5
"O'ahu Island",158,"interpolated",1,0.98,6.923,6.73,7.116,5
"O'ahu Island",158,"interpolated",2,0.98,4.79,4.625,4.955,5
"Hawai'i Island",58,"interpolated",0,0.98,6.741,6.661,6.822,6
"Hawai'i Island",58,"interpolated",1,0.98,4.392,4.326,4.458,6
"Hawai'i Island",58,"interpolated",2,0.98,3.448,3.391,3.505,6
"Kaua'i Island",351,"interpolated",0,0.98,26.839,26.266,27.412,6
"Kaua'i Island",351,"interpolated",1,0.98,8.253,8.014,8.492,6
"Kaua'i Island",351,"interpolated",2,0.98,4.977,4.853,5.101,6
"Maui Nui",158,"interpolated",0,0.98,12.874,12.679,13.069,6
"Maui Nui",158,"interpolated",1,0.98,5.879,5.785,5.973,6
"Maui Nui",158,"interpolated",2,0.98,4.239,4.174,4.304,6
"O'ahu Island",218,"interpolated",0,0.98,14.893,14.376,15.41,6
"O'ahu Island",218,"interpolated",1,0.98,5.959,5.775,6.142,6
"O'ahu Island",218,"interpolated",2,0.98,4.138,3.996,4.279,6
"Hawai'i Island",76,"interpolated",0,0.98,9.739,9.606,9.872,7
"Hawai'i Island",76,"interpolated",1,0.98,6.938,6.851,7.025,7
"Hawai'i Island",76,"interpolated",2,0.98,5.603,5.505,5.701,7
"Kaua'i Island",362,"interpolated",0,0.98,29.662,29.079,30.245,7
"Kaua'i Island",362,"interpolated",1,0.98,10.335,10.079,10.591,7
"Kaua'i Island",362,"interpolated",2,0.98,6.164,6.01,6.318,7
"Maui Nui",186,"interpolated",0,0.98,14.509,14.265,14.752,7
"Maui Nui",186,"interpolated",1,0.98,7.175,7.073,7.277,7
"Maui Nui",186,"interpolated",2,0.98,5.535,5.468,5.602,7
"O'ahu Island",292,"interpolated",0,0.98,17.847,17.154,18.541,7
"O'ahu Island",292,"interpolated",1,0.98,5.717,5.549,5.885,7
"O'ahu Island",292,"interpolated",2,0.98,3.917,3.816,4.018,7
"Hawai'i Island",8828,"observed",0,1,7,7,7,8
"Hawai'i Island",8828,"observed",1,1,3.154,3.088,3.221,8
"Hawai'i Island",8828,"observed",2,1,2.278,2.226,2.33,8
"Kaua'i Island",133,"interpolated",0,0.98,11.108,10.893,11.323,8
"Kaua'i Island",133,"interpolated",1,0.98,6.283,6.181,6.385,8
"Kaua'i Island",133,"interpolated",2,0.98,4.975,4.881,5.069,8
"Maui Nui",110,"interpolated",0,0.98,8.077,7.924,8.23,8
"Maui Nui",110,"interpolated",1,0.98,5.132,5.082,5.183,8
"Maui Nui",110,"interpolated",2,0.98,4.367,4.323,4.411,8
"O'ahu Island",177,"interpolated",0,0.98,13.02,12.616,13.423,8
"O'ahu Island",177,"interpolated",1,0.98,5.856,5.724,5.987,8
"O'ahu Island",177,"interpolated",2,0.98,4.347,4.247,4.447,8
"Hawai'i Island",141,"interpolated",0,0.98,10.06,9.786,10.333,9
"Hawai'i Island",141,"interpolated",1,0.98,4.484,4.384,4.583,9
"Hawai'i Island",141,"interpolated",2,0.98,3.122,3.044,3.199,9
"Kaua'i Island",259,"interpolated",0,0.98,18.605,18.162,19.049,9
"Kaua'i Island",259,"interpolated",1,0.98,7.93,7.77,8.091,9
"Kaua'i Island",259,"interpolated",2,0.98,5.528,5.412,5.645,9
"Maui Nui",161,"interpolated",0,0.98,10.334,10.109,10.558,9
"Maui Nui",161,"interpolated",1,0.98,4.845,4.776,4.915,9
"Maui Nui",161,"interpolated",2,0.98,3.917,3.871,3.962,9
"O'ahu Island",257,"interpolated",0,0.98,20.934,20.422,21.446,9
"O'ahu Island",257,"interpolated",1,0.98,8.098,7.858,8.338,9
"O'ahu Island",257,"interpolated",2,0.98,5.013,4.859,5.168,9
"Hawai'i Island",85,"interpolated",0,0.98,9.189,9.068,9.309,10
"Hawai'i Island",85,"interpolated",1,0.98,5.211,5.113,5.309,10
"Hawai'i Island",85,"interpolated",2,0.98,3.609,3.524,3.694,10
"Kaua'i Island",407,"interpolated",0,0.98,26.471,25.841,27.101,10
"Kaua'i Island",407,"interpolated",1,0.98,8.714,8.542,8.885,10
"Kaua'i Island",407,"interpolated",2,0.98,5.801,5.688,5.914,10
"Maui Nui",95,"interpolated",0,0.98,8.496,8.348,8.644,10
"Maui Nui",95,"interpolated",1,0.98,4.654,4.577,4.73,10
"Maui Nui",95,"interpolated",2,0.98,3.587,3.534,3.64,10
"O'ahu Island",221,"interpolated",0,0.98,18.188,17.788,18.588,10
"O'ahu Island",221,"interpolated",1,0.98,8.659,8.437,8.881,10
"O'ahu Island",221,"interpolated",2,0.98,6.221,6.067,6.375,10
"Hawai'i Island",61,"interpolated",0,0.98,5.998,5.873,6.124,11
"Hawai'i Island",61,"interpolated",1,0.98,3.225,3.159,3.291,11
"Hawai'i Island",61,"interpolated",2,0.98,2.342,2.289,2.396,11
"Kaua'i Island",379,"interpolated",0,0.98,25.104,24.423,25.786,11
"Kaua'i Island",379,"interpolated",1,0.98,8.318,8.115,8.521,11
"Kaua'i Island",379,"interpolated",2,0.98,5.25,5.118,5.383,11
"Maui Nui",84,"interpolated",0,0.98,6.525,6.406,6.644,11
"Maui Nui",84,"interpolated",1,0.98,3.971,3.931,4.011,11
"Maui Nui",84,"interpolated",2,0.98,3.238,3.2,3.276,11
"O'ahu Island",196,"interpolated",0,0.98,17.386,17.011,17.761,11
"O'ahu Island",196,"interpolated",1,0.98,9.563,9.368,9.758,11
"O'ahu Island",196,"interpolated",2,0.98,7.057,6.883,7.231,11
"Hawai'i Island",46,"interpolated",0,0.98,4.423,4.333,4.512,12
"Hawai'i Island",46,"interpolated",1,0.98,2.829,2.784,2.874,12
"Hawai'i Island",46,"interpolated",2,0.98,2.385,2.35,2.419,12
"Kaua'i Island",294,"interpolated",0,0.98,25.602,25.188,26.017,12
"Kaua'i Island",294,"interpolated",1,0.98,9.066,8.834,9.299,12
"Kaua'i Island",294,"interpolated",2,0.98,5.365,5.232,5.497,12
"Maui Nui",59,"interpolated",0,0.98,5.694,5.606,5.782,12
"Maui Nui",59,"interpolated",1,0.98,3.595,3.55,3.64,12
"Maui Nui",59,"interpolated",2,0.98,2.87,2.831,2.908,12
"O'ahu Island",208,"interpolated",0,0.98,17.779,17.316,18.241,12
"O'ahu Island",208,"interpolated",1,0.98,7.841,7.623,8.059,12
"O'ahu Island",208,"interpolated",2,0.98,4.95,4.775,5.126,12
"Hawai'i Island",98,"interpolated",0,0.98,8.568,8.445,8.691,13
"Hawai'i Island",98,"interpolated",1,0.98,3.79,3.728,3.852,13
"Hawai'i Island",98,"interpolated",2,0.98,2.769,2.723,2.816,13
"Kaua'i Island",154,"interpolated",0,0.98,11.632,11.392,11.873,13
"Kaua'i Island",154,"interpolated",1,0.98,6.383,6.288,6.478,13
"Kaua'i Island",154,"interpolated",2,0.98,5.097,5.022,5.172,13
"Maui Nui",155,"interpolated",0,0.98,10.318,10.133,10.502,13
"Maui Nui",155,"interpolated",1,0.98,4.109,4.042,4.176,13
"Maui Nui",155,"interpolated",2,0.98,3.112,3.074,3.15,13
"O'ahu Island",173,"interpolated",0,0.98,16.149,15.778,16.52,13
"O'ahu Island",173,"interpolated",1,0.98,9.087,8.859,9.314,13
"O'ahu Island",173,"interpolated",2,0.98,6.936,6.749,7.124,13
"Hawai'i Island",12744,"observed",0,1,4,4,4,14
"Hawai'i Island",12744,"observed",1,1,1.426,1.403,1.448,14
"Hawai'i Island",12744,"observed",2,1,1.188,1.175,1.201,14
"Kaua'i Island",371,"interpolated",0,0.98,31.886,31.263,32.51,14
"Kaua'i Island",371,"interpolated",1,0.98,11.666,11.344,11.988,14
"Kaua'i Island",371,"interpolated",2,0.98,6.398,6.181,6.614,14
"Maui Nui",88,"interpolated",0,0.98,7.922,7.79,8.054,14
"Maui Nui",88,"interpolated",1,0.98,5.45,5.394,5.506,14
"Maui Nui",88,"interpolated",2,0.98,4.663,4.611,4.714,14
"O'ahu Island",287,"interpolated",0,0.98,21.334,20.787,21.882,14
"O'ahu Island",287,"interpolated",1,0.98,8.068,7.825,8.311,14
"O'ahu Island",287,"interpolated",2,0.98,5.262,5.111,5.414,14
"Hawai'i Island",83,"interpolated",0,0.98,6.682,6.537,6.827,15
"Hawai'i Island",83,"interpolated",1,0.98,3.552,3.492,3.612,15
"Hawai'i Island",83,"interpolated",2,0.98,2.746,2.698,2.795,15
"Kaua'i Island",367,"interpolated",0,0.98,29.398,28.85,29.946,15
"Kaua'i Island",367,"interpolated",1,0.98,9.974,9.697,10.251,15
"Kaua'i Island",367,"interpolated",2,0.98,6.06,5.911,6.208,15
"Maui Nui",62,"interpolated",0,0.98,5.661,5.573,5.748,15
"Maui Nui",62,"interpolated",1,0.98,3.241,3.205,3.277,15
"Maui Nui",62,"interpolated",2,0.98,2.445,2.407,2.482,15
"O'ahu Island",175,"interpolated",0,0.98,14.931,14.542,15.319,15
"O'ahu Island",175,"interpolated",1,0.98,7.527,7.329,7.725,15
"O'ahu Island",175,"interpolated",2,0.98,5.321,5.164,5.478,15
"Hawai'i Island",53,"interpolated",0,0.98,3.222,3.118,3.326,16
"Hawai'i Island",53,"interpolated",1,0.98,1.391,1.361,1.421,16
"Hawai'i Island",53,"interpolated",2,0.98,1.175,1.16,1.189,16
"Kaua'i Island",268,"interpolated",0,0.98,22.273,21.868,22.677,16
"Kaua'i Island",268,"interpolated",1,0.98,8.937,8.736,9.138,16
"Kaua'i Island",268,"interpolated",2,0.98,5.872,5.743,6,16
"Maui Nui",105,"interpolated",0,0.98,9.536,9.393,9.68,16
"Maui Nui",105,"interpolated",1,0.98,4.304,4.225,4.384,16
"Maui Nui",105,"interpolated",2,0.98,2.784,2.728,2.84,16
"O'ahu Island",244,"interpolated",0,0.98,20.431,20.013,20.849,16
"O'ahu Island",244,"interpolated",1,0.98,9.391,9.162,9.621,16
"O'ahu Island",244,"interpolated",2,0.98,6.299,6.124,6.475,16
"Hawai'i Island",99,"interpolated",0,0.98,5.878,5.683,6.073,17
"Hawai'i Island",99,"interpolated",1,0.98,1.74,1.698,1.782,17
"Hawai'i Island",99,"interpolated",2,0.98,1.305,1.285,1.324,17
"Kaua'i Island",253,"interpolated",0,0.98,22.517,22.125,22.91,17
"Kaua'i Island",253,"interpolated",1,0.98,9.6,9.375,9.826,17
"Kaua'i Island",253,"interpolated",2,0.98,6.165,5.991,6.339,17
"Maui Nui",121,"interpolated",0,0.98,7.957,7.789,8.124,17
"Maui Nui",121,"interpolated",1,0.98,4.516,4.465,4.568,17
"Maui Nui",121,"interpolated",2,0.98,3.853,3.817,3.889,17
"O'ahu Island",202,"interpolated",0,0.98,14.835,14.4,15.27,17
"O'ahu Island",202,"interpolated",1,0.98,5.829,5.658,5.999,17
"O'ahu Island",202,"interpolated",2,0.98,3.808,3.69,3.926,17
"Hawai'i Island",66,"interpolated",0,0.98,6.72,6.615,6.824,18
"Hawai'i Island",66,"interpolated",1,0.98,3.627,3.557,3.697,18
"Hawai'i Island",66,"interpolated",2,0.98,2.565,2.501,2.628,18
"Kaua'i Island",412,"interpolated",0,0.98,33.483,32.84,34.127,18
"Kaua'i Island",412,"interpolated",1,0.98,10.746,10.474,11.017,18
"Kaua'i Island",412,"interpolated",2,0.98,6.171,6.006,6.335,18
"Maui Nui",158,"interpolated",0,0.98,12.049,11.862,12.236,18
"Maui Nui",158,"interpolated",1,0.98,5.364,5.284,5.445,18
"Maui Nui",158,"interpolated",2,0.98,4.084,4.031,4.136,18
"O'ahu Island",267,"interpolated",0,0.98,16.605,16.106,17.104,18
"O'ahu Island",267,"interpolated",1,0.98,6.024,5.885,6.163,18
"O'ahu Island",267,"interpolated",2,0.98,4.312,4.219,4.405,18
"Hawai'i Island",70,"interpolated",0,0.98,7.556,7.452,7.661,19
"Hawai'i Island",70,"interpolated",1,0.98,4.222,4.158,4.286,19
"Hawai'i Island",70,"interpolated",2,0.98,3.16,3.112,3.208,19
"Kaua'i Island",297,"interpolated",0,0.98,27.334,26.906,27.761,19
"Kaua'i Island",297,"interpolated",1,0.98,11.717,11.446,11.988,19
"Kaua'i Island",297,"interpolated",2,0.98,7.446,7.267,7.624,19
"Maui Nui",178,"interpolated",0,0.98,16.477,16.16,16.794,19
"Maui Nui",178,"interpolated",1,0.98,8.419,8.229,8.609,19
"Maui Nui",178,"interpolated",2,0.98,5.653,5.516,5.79,19
"O'ahu Island",181,"interpolated",0,0.98,13.496,13.009,13.983,19
"O'ahu Island",181,"interpolated",1,0.98,6.79,6.611,6.97,19
"O'ahu Island",181,"interpolated",2,0.98,4.881,4.733,5.029,19
"Hawai'i Island",65,"interpolated",0,0.98,6.779,6.694,6.864,20
"Hawai'i Island",65,"interpolated",1,0.98,2.987,2.925,3.049,20
"Hawai'i Island",65,"interpolated",2,0.98,1.983,1.946,2.021,20
"Kaua'i Island",275,"interpolated",0,0.98,20.942,20.557,21.327,20
"Kaua'i Island",275,"interpolated",1,0.98,7.801,7.633,7.969,20
"Kaua'i Island",275,"interpolated",2,0.98,5.39,5.292,5.489,20
"Maui Nui",87,"interpolated",0,0.98,7.01,6.882,7.138,20
"Maui Nui",87,"interpolated",1,0.98,4.343,4.298,4.388,20
"Maui Nui",87,"interpolated",2,0.98,3.608,3.569,3.648,20
"O'ahu Island",120,"interpolated",0,0.98,11.303,10.981,11.625,20
"O'ahu Island",120,"interpolated",1,0.98,6.353,6.168,6.538,20
"O'ahu Island",120,"interpolated",2,0.98,4.723,4.565,4.88,20
"Hawai'i Island",9847,"observed",0,1,5,5,5,21
"Hawai'i Island",9847,"observed",1,1,1.431,1.403,1.458,21
"Hawai'i Island",9847,"observed",2,1,1.161,1.148,1.173,21
"Kaua'i Island",384,"interpolated",0,0.98,27.513,26.852,28.173,21
"Kaua'i Island",384,"interpolated",1,0.98,9.529,9.257,9.8,21
"Kaua'i Island",384,"interpolated",2,0.98,6.01,5.845,6.175,21
"Maui Nui",134,"interpolated",0,0.98,9.814,9.638,9.99,21
"Maui Nui",134,"interpolated",1,0.98,5.035,4.969,5.1,21
"Maui Nui",134,"interpolated",2,0.98,3.805,3.749,3.86,21
"O'ahu Island",221,"interpolated",0,0.98,19.453,19.073,19.832,21
"O'ahu Island",221,"interpolated",1,0.98,9.454,9.223,9.686,21
"O'ahu Island",221,"interpolated",2,0.98,6.546,6.386,6.706,21
"Hawai'i Island",113,"interpolated",0,0.98,9.124,8.926,9.323,22
"Hawai'i Island",113,"interpolated",1,0.98,3.75,3.669,3.831,22
"Hawai'i Island",113,"interpolated",2,0.98,2.501,2.444,2.558,22
"Kaua'i Island",354,"interpolated",0,0.98,31.047,30.423,31.671,22
"Kaua'i Island",354,"interpolated",1,0.98,11.495,11.177,11.813,22
"Kaua'i Island",354,"interpolated",2,0.98,6.728,6.511,6.946,22
"Maui Nui",139,"interpolated",0,0.98,10.652,10.462,10.841,22
"Maui Nui",139,"interpolated",1,0.98,4.528,4.433,4.623,22
"Maui Nui",139,"interpolated",2,0.98,3.067,3.003,3.132,22
"O'ahu Island",115,"interpolated",0,0.98,9.559,9.24,9.879,22
"O'ahu Island",115,"interpolated",1,0.98,4.486,4.333,4.64,22
"O'ahu Island",115,"interpolated",2,0.98,3.301,3.19,3.413,22
"Hawai'i Island",101,"interpolated",0,0.98,8.422,8.237,8.606,23
"Hawai'i Island",101,"interpolated",1,0.98,3.962,3.88,4.045,23
"Hawai'i Island",101,"interpolated",2,0.98,2.665,2.607,2.723,23
"Kaua'i Island",397,"interpolated",0,0.98,34.731,34.052,35.41,23
"Kaua'i Island",397,"interpolated",1,0.98,12.428,12.078,12.779,23
"Kaua'i Island",397,"interpolated",2,0.98,7.099,6.891,7.308,23
"Maui Nui",54,"interpolated",0,0.98,5.518,5.436,5.6,23
"Maui Nui",54,"interpolated",1,0.98,3.143,3.091,3.195,23
"Maui Nui",54,"interpolated",2,0.98,2.307,2.257,2.356,23
"O'ahu Island",273,"interpolated",0,0.98,17.803,17.074,18.532,23
"O'ahu Island",273,"interpolated",1,0.98,5.897,5.707,6.087,23
"O'ahu Island",273,"interpolated",2,0.98,3.911,3.799,4.022,23
"Hawai'i Island",107,"interpolated",0,0.98,8.645,8.395,8.896,24
"Hawai'i Island",107,"interpolated",1,0.98,4.426,4.309,4.543,24
"Hawai'i Island",107,"interpolated",2,0.98,3.089,3.003,3.175,24
"Kaua'i Island",256,"interpolated",0,0.98,19.293,18.886,19.7,24
"Kaua'i Island",256,"interpolated",1,0.98,8.449,8.279,8.619,24
"Kaua'i Island",256,"interpolated",2,0.98,5.755,5.619,5.891,24
"Maui Nui",142,"interpolated",0,0.98,9.879,9.717,10.042,24
"Maui Nui",142,"interpolated",1,0.98,4.087,4.027,4.146,24
"Maui Nui",142,"interpolated",2,0.98,2.869,2.825,2.913,24
"O'ahu Island",241,"interpolated",0,0.98,21.078,20.559,21.597,24
"O'ahu Island",241,"interpolated",1,0.98,8.232,7.921,8.542,24
"O'ahu Island",241,"interpolated",2,0.98,4.722,4.513,4.931,24
"Hawai'i Island",66,"interpolated",0,0.98,6.837,6.713,6.961,25
"Hawai'i Island",66,"interpolated",1,0.98,4.574,4.504,4.644,25
"Hawai'i Island",66,"interpolated",2,0.98,3.806,3.744,3.868,25
"Kaua'i Island",374,"interpolated",0,0.98,29.447,28.894,30,25
"Kaua'i Island",374,"interpolated",1,0.98,8.82,8.603,9.037,25
"Kaua'i Island",374,"interpolated",2,0.98,5.249,5.125,5.372,25
"Maui Nui",74,"interpolated",0,0.98,6.435,6.334,6.536,25
"Maui Nui",74,"interpolated",1,0.98,4.02,3.98,4.06,25
"Maui Nui",74,"interpolated",2,0.98,3.28,3.244,3.316,25
"O'ahu Island",204,"interpolated",0,0.98,16.708,16.303,17.113,25
"O'ahu Island",204,"interpolated",1,0.98,8.199,8.025,8.373,25
"O'ahu Island",204,"interpolated",2,0.98,5.899,5.75,6.049,25
"Hawai'i Island",90,"interpolated",0,0.98,5.928,5.761,6.095,26
"Hawai'i Island",90,"interpolated",1,0.98,2.857,2.809,2.906,26
"Hawai'i Island",90,"interpolated",2,0.98,2.393,2.366,2.42,26
"Kaua'i Island",388,"interpolated",0,0.98,30.84,30.285,31.394,26
"Kaua'i Island",388,"interpolated",1,0.98,9.795,9.545,10.046,26
"Kaua'i Island",388,"interpolated",2,0.98,5.85,5.712,5.987,26
"Maui Nui",84,"interpolated",0,0.98,7.75,7.649,7.852,26
"Maui Nui",84,"interpolated",1,0.98,4.998,4.944,5.053,26
"Maui Nui",84,"interpolated",2,0.98,4.122,4.073,4.171,26
"O'ahu Island",245,"interpolated",0,0.98,20.059,19.642,20.475,26
"O'ahu Island",245,"interpolated",1,0.98,7.988,7.762,8.213,26
"O'ahu Island",245,"interpolated",2,0.98,4.962,4.789,5.134,26
"Hawai'i Island",126,"interpolated",0,0.98,9.278,9.067,9.488,27
"Hawai'i Island",126,"interpolated",1,0.98,4.177,4.094,4.26,27
"Hawai'i Island",126,"interpolated",2,0.98,3.18,3.124,3.237,27
"Kaua'i Island",280,"interpolated",0,0.98,24.778,24.347,25.209,27
"Kaua'i Island",280,"interpolated",1,0.98,9.334,9.093,9.575,27
"Kaua'i Island",280,"interpolated",2,0.98,5.672,5.523,5.821,27
"Maui Nui",102,"interpolated",0,0.98,10.293,10.162,10.425,27
"Maui Nui",102,"interpolated",1,0.98,6.118,6.038,6.199,27
"Maui Nui",102,"interpolated",2,0.98,4.715,4.637,4.792,27
"O'ahu Island",244,"interpolated",0,0.98,18.451,17.937,18.965,27
"O'ahu Island",244,"interpolated",1,0.98,6.357,6.132,6.582,27
"O'ahu Island",244,"interpolated",2,0.98,4.093,3.966,4.22,27
"Hawai'i Island",89,"interpolated",0,0.98,7.217,7.065,7.369,28
"Hawai'i Island",89,"interpolated",1,0.98,3.002,2.937,3.066,28
"Hawai'i Island",89,"interpolated",2,0.98,2.049,2.005,2.093,28
"Kaua'i Island",388,"interpolated",0,0.98,30.84,30.249,31.43,28
"Kaua'i Island",388,"interpolated",1,0.98,9.795,9.549,10.041,28
"Kaua'i Island",388,"interpolated",2,0.98,5.85,5.7,5.999,28
"Maui Nui",83,"interpolated",0,0.98,8.57,8.455,8.684,28
"Maui Nui",83,"interpolated",1,0.98,5.35,5.284,5.416,28
"Maui Nui",83,"interpolated",2,0.98,4.221,4.168,4.273,28
"O'ahu Island",290,"interpolated",0,0.98,24.372,23.816,24.928,28
"O'ahu Island",290,"interpolated",1,0.98,8.206,7.893,8.519,28
"O'ahu Island",290,"interpolated",2,0.98,4.322,4.145,4.498,28
"Hawai'i Island",76,"interpolated",0,0.98,6.361,6.24,6.482,29
"Hawai'i Island",76,"interpolated",1,0.98,2.645,2.592,2.698,29
"Hawai'i Island",76,"interpolated",2,0.98,1.849,1.814,1.883,29
"Kaua'i Island",367,"interpolated",0,0.98,34.615,34.012,35.218,29
"Kaua'i Island",367,"interpolated",1,0.98,13.779,13.413,14.145,29
"Kaua'i Island",367,"interpolated",2,0.98,8.042,7.797,8.287,29
"Maui Nui",159,"interpolated",0,0.98,13.669,13.443,13.895,29
"Maui Nui",159,"interpolated",1,0.98,6.268,6.157,6.378,29
"Maui Nui",159,"interpolated",2,0.98,4.333,4.254,4.413,29
"O'ahu Island",325,"interpolated",0,0.98,19.356,18.664,20.048,29
"O'ahu Island",325,"interpolated",1,0.98,5.871,5.691,6.051,29
"O'ahu Island",325,"interpolated",2,0.98,3.936,3.821,4.052,29
"Hawai'i Island",86,"interpolated",0,0.98,6.801,6.63,6.972,30
"Hawai'i Island",86,"interpolated",1,0.98,4.003,3.939,4.067,30
"Hawai'i Island",86,"interpolated",2,0.98,3.343,3.299,3.388,30
"Kaua'i Island",407,"interpolated",0,0.98,33.756,33.088,34.424,30
"Kaua'i Island",407,"interpolated",1,0.98,11.464,11.181,11.747,30
"Kaua'i Island",407,"interpolated",2,0.98,6.653,6.478,6.828,30
"Maui Nui",71,"interpolated",0,0.98,6.604,6.499,6.708,30
"Maui Nui",71,"interpolated",1,0.98,4.39,4.346,4.435,30
"Maui Nui",71,"interpolated",2,0.98,3.6,3.562,3.639,30
"O'ahu Island",262,"interpolated",0,0.98,22.181,21.632,22.731,30
"O'ahu Island",262,"interpolated",1,0.98,9.62,9.374,9.866,30
"O'ahu Island",262,"interpolated",2,0.98,6.171,5.963,6.38,30
"Hawai'i Island",106,"interpolated",0,0.98,7.341,7.148,7.535,31
"Hawai'i Island",106,"interpolated",1,0.98,3.298,3.242,3.355,31
"Hawai'i Island",106,"interpolated",2,0.98,2.396,2.352,2.439,31
"Kaua'i Island",374,"interpolated",0,0.98,29.447,28.904,29.99,31
"Kaua'i Island",374,"interpolated",1,0.98,8.82,8.602,9.038,31
"Kaua'i Island",374,"interpolated",2,0.98,5.249,5.119,5.378,31
"Maui Nui",16589,"observed",0,1,9,9,9,31
"Maui Nui",16589,"observed",1,1,5.203,5.129,5.277,31
"Maui Nui",16589,"observed",2,1,3.717,3.645,3.79,31
"O'ahu Island",186,"interpolated",0,0.98,13.7,13.227,14.174,31
"O'ahu Island",186,"interpolated",1,0.98,7.014,6.841,7.187,31
"O'ahu Island",186,"interpolated",2,0.98,5.136,4.98,5.292,31
"Hawai'i Island",82,"interpolated",0,0.98,7.981,7.869,8.093,32
"Hawai'i Island",82,"interpolated",1,0.98,3.718,3.642,3.793,32
"Hawai'i Island",82,"interpolated",2,0.98,2.566,2.515,2.617,32
"Kaua'i Island",397,"interpolated",0,0.98,28.223,27.588,28.858,32
"Kaua'i Island",397,"interpolated",1,0.98,9.363,9.098,9.628,32
"Kaua'i Island",397,"interpolated",2,0.98,5.706,5.556,5.857,32
"Maui Nui",51,"interpolated",0,0.98,5.504,5.419,5.589,32
"Maui Nui",51,"interpolated",1,0.98,3.231,3.182,3.28,32
"Maui Nui",51,"interpolated",2,0.98,2.389,2.348,2.43,32
"O'ahu Island",210,"interpolated",0,0.98,18.19,17.714,18.666,32
"O'ahu Island",210,"interpolated",1,0.98,5.845,5.616,6.074,32
"O'ahu Island",210,"interpolated",2,0.98,3.199,3.053,3.345,32
"Hawai'i Island",81,"interpolated",0,0.98,9.736,9.611,9.862,33
"Hawai'i Island",81,"interpolated",1,0.98,5.785,5.681,5.89,33
"Hawai'i Island",81,"interpolated",2,0.98,4.095,3.996,4.194,33
"Kaua'i Island",294,"interpolated",0,0.98,26.629,26.224,27.034,33
"Kaua'i Island",294,"interpolated",1,0.98,10.895,10.611,11.179,33
"Kaua'i Island",294,"interpolated",2,0.98,6.825,6.646,7.004,33
"Maui Nui",170,"interpolated",0,0.98,15.35,15.078,15.621,33
"Maui Nui",170,"interpolated",1,0.98,6.696,6.571,6.82,33
"Maui Nui",170,"interpolated",2,0.98,4.245,4.147,4.342,33
"O'ahu Island",272,"interpolated",0,0.98,19.295,18.676,19.913,33
"O'ahu Island",272,"interpolated",1,0.98,5.404,5.197,5.611,33
"O'ahu Island",272,"interpolated",2,0.98,2.973,2.846,3.1,33
"Hawai'i Island",101,"interpolated",0,0.98,10.09,9.924,10.257,34
"Hawai'i Island",101,"interpolated",1,0.98,5.019,4.923,5.116,34
"Hawai'i Island",101,"interpolated",2,0.98,3.269,3.194,3.345,34
"Kaua'i Island",169,"interpolated",0,0.98,13.563,13.281,13.846,34
"Kaua'i Island",169,"interpolated",1,0.98,7.204,7.07,7.337,34
"Kaua'i Island",169,"interpolated",2,0.98,5.472,5.366,5.578,34
"Maui Nui",153,"interpolated",0,0.98,10.051,9.835,10.267,34
"Maui Nui",153,"interpolated",1,0.98,3.721,3.661,3.782,34
"Maui Nui",153,"interpolated",2,0.98,2.75,2.714,2.786,34
"O'ahu Island",323,"interpolated",0,0.98,21.434,20.767,22.102,34
"O'ahu Island",323,"interpolated",1,0.98,7.069,6.878,7.26,34
"O'ahu Island",323,"interpolated",2,0.98,4.723,4.595,4.85,34
"Hawai'i Island",59,"interpolated",0,0.98,7.213,6.996,7.429,35
"Hawai'i Island",59,"interpolated",1,0.98,4.306,4.114,4.497,35
"Hawai'i Island",59,"interpolated",2,0.98,3.125,2.962,3.288,35
"Kaua'i Island",371,"interpolated",0,0.98,31.886,31.231,32.542,35
"Kaua'i Island",371,"interpolated",1,0.98,11.666,11.352,11.98,35
"Kaua'i Island",371,"interpolated",2,0.98,6.398,6.17,6.625,35
"Maui Nui",54,"interpolated",0,0.98,6.436,6.35,6.522,35
"Maui Nui",54,"interpolated",1,0.98,4.821,4.775,4.866,35
"Maui Nui",54,"interpolated",2,0.98,4.099,4.05,4.148,35
"O'ahu Island",268,"interpolated",0,0.98,18.271,17.709,18.833,35
"O'ahu Island",268,"interpolated",1,0.98,5.943,5.743,6.143,35
"O'ahu Island",268,"interpolated",2,0.98,3.884,3.784,3.985,35
"Hawai'i Island",87,"interpolated",0,0.98,6.431,6.324,6.538,36
"Hawai'i Island",87,"interpolated",1,0.98,2.485,2.436,2.533,36
"Hawai'i Island",87,"interpolated",2,0.98,1.759,1.733,1.785,36
"Kaua'i Island",347,"interpolated",0,0.98,30.389,29.749,31.029,36
"Kaua'i Island",347,"interpolated",1,0.98,10.267,9.966,10.568,36
"Kaua'i Island",347,"interpolated",2,0.98,5.856,5.669,6.043,36
"Maui Nui",134,"interpolated",0,0.98,11.88,11.704,12.056,36
"Maui Nui",134,"interpolated",1,0.98,4.595,4.493,4.696,36
"Maui Nui",134,"interpolated",2,0.98,2.736,2.678,2.793,36
"O'ahu Island",223,"interpolated",0,0.98,19.185,18.729,19.642,36
"O'ahu Island",223,"interpolated",1,0.98,9.457,9.234,9.679,36
"O'ahu Island",223,"interpolated",2,0.98,6.488,6.287,6.688,36
"Hawai'i Island",136,"interpolated",0,0.98,9.037,8.832,9.241,37
"Hawai'i Island",136,"interpolated",1,0.98,3.566,3.506,3.625,37
"Hawai'i Island",136,"interpolated",2,0.98,2.696,2.658,2.735,37
"Kaua'i Island",256,"interpolated",0,0.98,18.105,17.735,18.476,37
"Kaua'i Island",256,"interpolated",1,0.98,8.084,7.929,8.238,37
"Kaua'i Island",256,"interpolated",2,0.98,5.943,5.839,6.048,37
"Maui Nui",85,"interpolated",0,0.98,7.282,7.146,7.417,37
"Maui Nui",85,"interpolated",1,0.98,5.093,5.046,5.139,37
"Maui Nui",85,"interpolated",2,0.98,4.414,4.368,4.46,37
"O'ahu Island",278,"interpolated",0,0.98,21.933,21.459,22.407,37
"O'ahu Island",278,"interpolated",1,0.98,9.161,8.922,9.401,37
"O'ahu Island",278,"interpolated",2,0.98,6.079,5.895,6.263,37
"Hawai'i Island",86,"interpolated",0,0.98,8.518,8.365,8.672,38
"Hawai'i Island",86,"interpolated",1,0.98,5.002,4.925,5.08,38
"Hawai'i Island",86,"interpolated",2,0.98,3.758,3.682,3.833,38
"Kaua'i Island",350,"interpolated",0,0.98,27.921,27.357,28.486,38
"Kaua'i Island",350,"interpolated",1,0.98,9.116,8.89,9.342,38
"Kaua'i Island",350,"interpolated",2,0.98,5.588,5.459,5.717,38
"Maui Nui",199,"interpolated",0,0.98,13.258,12.993,13.524,38
"Maui Nui",199,"interpolated",1,0.98,5.005,4.921,5.089,38
"Maui Nui",199,"interpolated",2,0.98,3.443,3.376,3.511,38
"O'ahu Island",225,"interpolated",0,0.98,16.924,16.375,17.474,38
"O'ahu Island",225,"interpolated",1,0.98,7.997,7.764,8.23,38
"O'ahu Island",225,"interpolated",2,0.98,6.083,5.919,6.248,38
"Hawai'i Island",57,"interpolated",0,0.98,4.793,4.68,4.907,39
"Hawai'i Island",57,"interpolated",1,0.98,2.378,2.33,2.426,39
"Hawai'i Island",57,"interpolated",2,0.98,1.778,1.744,1.812,39
"Kaua'i Island",357,"interpolated",0,0.98,23.34,22.727,23.953,39
"Kaua'i Island",357,"interpolated",1,0.98,7.905,7.72,8.09,39
"Kaua'i Island",357,"interpolated",2,0.98,5.229,5.107,5.352,39
"Maui Nui",67,"interpolated",0,0.98,6.703,6.592,6.813,39
"Maui Nui",67,"interpolated",1,0.98,4.875,4.825,4.926,39
"Maui Nui",67,"interpolated",2,0.98,4.219,4.169,4.268,39
"O'ahu Island",213,"interpolated",0,0.98,13.232,12.794,13.671,39
"O'ahu Island",213,"interpolated",1,0.98,5.19,5.041,5.339,39
"O'ahu Island",213,"interpolated",2,0.98,3.903,3.814,3.992,39
"Hawai'i Island",81,"interpolated",0,0.98,8.422,8.298,8.547,40
"Hawai'i Island",81,"interpolated",1,0.98,3.135,3.052,3.217,40
"Hawai'i Island",81,"interpolated",2,0.98,1.941,1.897,1.985,40
"Kaua'i Island",354,"interpolated",0,0.98,31.314,30.743,31.885,40
"Kaua'i Island",354,"interpolated",1,0.98,11.208,10.873,11.544,40
"Kaua'i Island",354,"interpolated",2,0.98,6.119,5.916,6.321,40
"Maui Nui",31,"interpolated",0,0.98,4.404,4.359,4.449,40
"Maui Nui",31,"interpolated",1,0.98,3.331,3.303,3.358,40
"Maui Nui",31,"interpolated",2,0.98,2.86,2.832,2.888,40
"O'ahu Island",232,"interpolated",0,0.98,17.079,16.511,17.646,40
"O'ahu Island",232,"interpolated",1,0.98,6.483,6.273,6.694,40
"O'ahu Island",232,"interpolated",2,0.98,4.435,4.305,4.566,40
"Hawai'i Island",67,"interpolated",0,0.98,6.202,6.081,6.322,41
"Hawai'i Island",67,"interpolated",1,0.98,2.481,2.421,2.54,41
"Hawai'i Island",67,"interpolated",2,0.98,1.692,1.661,1.724,41
"Kaua'i Island",309,"interpolated",0,0.98,25.387,24.918,25.856,41
"Kaua'i Island",309,"interpolated",1,0.98,9.023,8.804,9.242,41
"Kaua'i Island",309,"interpolated",2,0.98,5.608,5.473,5.742,41
"Maui Nui",119,"interpolated",0,0.98,10.108,9.922,10.293,41
"Maui Nui",119,"interpolated",1,0.98,4.824,4.74,4.908,41
"Maui Nui",119,"interpolated",2,0.98,3.532,3.478,3.585,41
"O'ahu Island",181,"interpolated",0,0.98,15.379,15.046,15.711,41
"O'ahu Island",181,"interpolated",1,0.98,6.906,6.695,7.117,41
"O'ahu Island",181,"interpolated",2,0.98,4.83,4.681,4.979,41
"Hawai'i Island",91,"interpolated",0,0.98,8.147,7.997,8.298,42
"Hawai'i Island",91,"interpolated",1,0.98,3.927,3.841,4.012,42
"Hawai'i Island",91,"interpolated",2,0.98,2.849,2.788,2.909,42
"Kaua'i Island",364,"interpolated",0,0.98,28.161,27.571,28.752,42
"Kaua'i Island",364,"interpolated",1,0.98,8.773,8.541,9.004,42
"Kaua'i Island",364,"interpolated",2,0.98,5.318,5.193,5.444,42
"Maui Nui",177,"interpolated",0,0.98,11.61,11.349,11.872,42
"Maui Nui",177,"interpolated",1,0.98,4.821,4.737,4.905,42
"Maui Nui",177,"interpolated",2,0.98,3.401,3.339,3.463,42
"O'ahu Island",187,"interpolated",0,0.98,14.159,13.755,14.563,42
"O'ahu Island",187,"interpolated",1,0.98,7.372,7.193,7.552,42
"O'ahu Island",187,"interpolated",2,0.98,5.599,5.449,5.749,42
"Hawai'i Island",192,"interpolated",0,0.98,16.324,16.05,16.597,43
"Hawai'i Island",192,"interpolated",1,0.98,6.689,6.55,6.827,43
"Hawai'i Island",192,"interpolated",2,0.98,4.101,4.008,4.193,43
"Kaua'i Island",374,"interpolated",0,0.98,29.447,28.881,30.014,43
"Kaua'i Island",374,"interpolated",1,0.98,8.82,8.598,9.043,43
"Kaua'i Island",374,"interpolated",2,0.98,5.249,5.125,5.372,43
"Maui Nui",101,"interpolated",0,0.98,7.783,7.64,7.927,43
"Maui Nui",101,"interpolated",1,0.98,4.304,4.25,4.358,43
"Maui Nui",101,"interpolated",2,0.98,3.325,3.276,3.373,43
"O'ahu Island",306,"interpolated",0,0.98,24.105,23.427,24.784,43
"O'ahu Island",306,"interpolated",1,0.98,8.175,7.888,8.463,43
"O'ahu Island",306,"interpolated",2,0.98,4.64,4.446,4.834,43
"Hawai'i Island",74,"interpolated",0,0.98,4.979,4.856,5.102,44
"Hawai'i Island",74,"interpolated",1,0.98,3.261,3.228,3.295,44
"Hawai'i Island",74,"interpolated",2,0.98,2.927,2.902,2.952,44
"Kaua'i Island",362,"interpolated",0,0.98,22.94,22.341,23.539,44
"Kaua'i Island",362,"interpolated",1,0.98,7.828,7.664,7.993,44
"Kaua'i Island",362,"interpolated",2,0.98,5.431,5.339,5.524,44
"Maui Nui",125,"interpolated",0,0.98,7.829,7.654,8.004,44
"Maui Nui",125,"interpolated",1,0.98,4.203,4.158,4.248,44
"Maui Nui",125,"interpolated",2,0.98,3.485,3.448,3.522,44
"O'ahu Island",212,"interpolated",0,0.98,14.071,13.616,14.526,44
"O'ahu Island",212,"interpolated",1,0.98,5.12,4.976,5.264,44
"O'ahu Island",212,"interpolated",2,0.98,3.79,3.715,3.866,44
"Hawai'i Island",63,"interpolated",0,0.98,4.949,4.828,5.071,45
"Hawai'i Island",63,"interpolated",1,0.98,2.765,2.708,2.822,45
"Hawai'i Island",63,"interpolated",2,0.98,2.356,2.323,2.389,45
"Kaua'i Island",430,"interpolated",0,0.98,33.999,33.296,34.702,45
"Kaua'i Island",430,"interpolated",1,0.98,10.862,10.578,11.145,45
"Kaua'i Island",430,"interpolated",2,0.98,6.269,6.102,6.436,45
"Maui Nui",133,"interpolated",0,0.98,9.774,9.557,9.99,45
"Maui Nui",133,"interpolated",1,0.98,4.206,4.126,4.286,45
"Maui Nui",133,"interpolated",2,0.98,2.911,2.857,2.965,45
"O'ahu Island",182,"interpolated",0,0.98,16.552,16.194,16.91,45
"O'ahu Island",182,"interpolated",1,0.98,9.334,9.151,9.518,45
"O'ahu Island",182,"interpolated",2,0.98,6.944,6.771,7.118,45
"Hawai'i Island",68,"interpolated",0,0.98,6.705,6.602,6.808,46
"Hawai'i Island",68,"interpolated",1,0.98,4.126,4.078,4.175,46
"Hawai'i Island",68,"interpolated",2,0.98,3.216,3.167,3.264,46
"Kaua'i Island",348,"interpolated",0,0.98,31.622,31.037,32.208,46
"Kaua'i Island",348,"interpolated",1,0.98,12.54,12.192,12.889,46
"Kaua'i Island",348,"interpolated",2,0.98,7.68,7.448,7.912,46
"Maui Nui",177,"interpolated",0,0.98,12.955,12.678,13.233,46
"Maui Nui",177,"interpolated",1,0.98,6.265,6.164,6.365,46
"Maui Nui",177,"interpolated",2,0.98,4.8,4.723,4.877,46
"O'ahu Island",201,"interpolated",0,0.98,17.16,16.743,17.577,46
"O'ahu Island",201,"interpolated",1,0.98,7.665,7.445,7.885,46
"O'ahu Island",201,"interpolated",2,0.98,4.847,4.685,5.008,46
"Hawai'i Island",130,"interpolated",0,0.98,8.873,8.647,9.098,47
"Hawai'i Island",130,"interpolated",1,0.98,3.612,3.537,3.687,47
"Hawai'i Island",130,"interpolated",2,0.98,2.511,2.463,2.559,47
"Kaua'i Island",383,"interpolated",0,0.98,31.412,30.839,31.985,47
"Kaua'i Island",383,"interpolated",1,0.98,9.697,9.43,9.964,47
"Kaua'i Island",383,"interpolated",2,0.98,5.41,5.277,5.544,47
"Maui Nui",101,"interpolated",0,0.98,10.868,10.749,10.987,47
"Maui Nui",101,"interpolated",1,0.98,4.911,4.809,5.013,47
"Maui Nui",101,"interpolated",2,0.98,3.018,2.948,3.089,47
"O'ahu Island",299,"interpolated",0,0.98,21.035,20.381,21.689,47
"O'ahu Island",299,"interpolated",1,0.98,9.282,9.063,9.5,47
"O'ahu Island",299,"interpolated",2,0.98,6.596,6.433,6.759,47
"Hawai'i Island",131,"interpolated",0,0.98,8.011,7.76,8.261,48
"Hawai'i Island",131,"interpolated",1,0.98,3.519,3.449,3.589,48
"Hawai'i Island",131,"interpolated",2,0.98,2.775,2.728,2.821,48
"Kaua'i Island",318,"interpolated",0,0.98,25.773,25.341,26.205,48
"Kaua'i Island",318,"interpolated",1,0.98,9.868,9.657,10.078,48
"Kaua'i Island",318,"interpolated",2,0.98,6.538,6.399,6.678,48
"Maui Nui",57,"interpolated",0,0.98,5.758,5.681,5.835,48
"Maui Nui",57,"interpolated",1,0.98,3.66,3.618,3.702,48
"Maui Nui",57,"interpolated",2,0.98,2.933,2.896,2.971,48
"O'ahu Island",221,"interpolated",0,0.98,14.677,14.234,15.121,48
"O'ahu Island",221,"interpolated",1,0.98,5.079,4.938,5.221,48
"O'ahu Island",221,"interpolated",2,0.98,3.715,3.638,3.792,48
"Hawai'i Island",57,"interpolated",0,0.98,5.216,5.118,5.313,49
"Hawai'i Island",57,"interpolated",1,0.98,3.417,3.378,3.456,49
"Hawai'i Island",57,"interpolated",2,0.98,2.744,2.703,2.786,49
"Kaua'i Island",362,"interpolated",0,0.98,33.45,32.784,34.117,49
"Kaua'i Island",362,"interpolated",1,0.98,12.865,12.479,13.252,49
"Kaua'i Island",362,"interpolated",2,0.98,7.092,6.856,7.328,49
"Maui Nui",121,"interpolated",0,0.98,8.927,8.739,9.114,49
"Maui Nui",121,"interpolated",1,0.98,4.21,4.143,4.278,49
"Maui Nui",121,"interpolated",2,0.98,2.977,2.925,3.028,49
"O'ahu Island",244,"interpolated",0,0.98,18.022,17.566,18.479,49
"O'ahu Island",244,"interpolated",1,0.98,7.642,7.463,7.822,49
"O'ahu Island",244,"interpolated",2,0.98,5.492,5.355,5.629,49
"Hawai'i Island",71,"interpolated",0,0.98,5.017,4.843,5.191,50
"Hawai'i Island",71,"interpolated",1,0.98,2.438,2.38,2.495,50
"Hawai'i Island",71,"interpolated",2,0.98,1.917,1.875,1.958,50
"Kaua'i Island",426,"interpolated",0,0.98,34.329,33.65,35.008,50
"Kaua'i Island",426,"interpolated",1,0.98,10.336,10.055,10.616,50
"Kaua'i Island",426,"interpolated",2,0.98,5.57,5.41,5.731,50
"Maui Nui",187,"interpolated",0,0.98,12.279,12.066,12.492,50
"Maui Nui",187,"interpolated",1,0.98,4.908,4.831,4.986,50
"Maui Nui",187,"interpolated",2,0.98,3.594,3.549,3.638,50
"O'ahu Island",194,"interpolated",0,0.98,13.989,13.586,14.393,50
"O'ahu Island",194,"interpolated",1,0.98,6.571,6.434,6.709,50
"O'ahu Island",194,"interpolated",2,0.98,4.933,4.826,5.04,50
"Hawai'i Island",17,"interpolated",0,0.981,3.124,3.095,3.153,51
"Hawai'i Island",17,"interpolated",1,0.981,2.502,2.476,2.529,51
"Hawai'i Island",17,"interpolated",2,0.981,2.158,2.13,2.187,51
"Kaua'i Island",388,"interpolated",0,0.98,30.84,30.256,31.423,51
"Kaua'i Island",388,"interpolated",1,0.98,9.795,9.551,10.04,51
"Kaua'i Island",388,"interpolated",2,0.98,5.85,5.704,5.995,51
"Maui Nui",94,"interpolated",0,0.98,8.914,8.792,9.035,51
"Maui Nui",94,"interpolated",1,0.98,5.135,5.064,5.206,51
"Maui Nui",94,"interpolated",2,0.98,3.864,3.802,3.926,51
"O'ahu Island",207,"interpolated",0,0.98,15.665,15.161,16.17,51
"O'ahu Island",207,"interpolated",1,0.98,4.655,4.464,4.847,51
"O'ahu Island",207,"interpolated",2,0.98,2.627,2.525,2.729,51
"Hawai'i Island",82,"interpolated",0,0.98,8.819,8.699,8.938,52
"Hawai'i Island",82,"interpolated",1,0.98,4.194,4.118,4.27,52
"Hawai'i Island",82,"interpolated",2,0.98,2.642,2.58,2.704,52
"Kaua'i Island",314,"interpolated",0,0.98,25.946,25.507,26.385,52
"Kaua'i Island",314,"interpolated",1,0.98,10.02,9.807,10.232,52
"Kaua'i Island",314,"interpolated",2,0.98,6.507,6.368,6.647,52
"Maui Nui",181,"interpolated",0,0.98,15.582,15.339,15.825,52
"Maui Nui",181,"interpolated",1,0.98,6.619,6.487,6.75,52
"Maui Nui",181,"interpolated",2,0.98,4.153,4.057,4.249,52
"O'ahu Island",226,"interpolated",0,0.98,21.025,20.615,21.434,52
"O'ahu Island",226,"interpolated",1,0.98,10.165,9.934,10.397,52
"O'ahu Island",226,"interpolated",2,0.98,6.665,6.438,6.893,52
"Hawai'i Island",105,"interpolated",0,0.98,9.315,9.08,9.55,53
"Hawai'i Island",105,"interpolated",1,0.98,4.917,4.809,5.025,53
"Hawai'i Island",105,"interpolated",2,0.98,3.692,3.615,3.768,53
"Kaua'i Island",364,"interpolated",0,0.98,28.161,27.604,28.718,53
"Kaua'i Island",364,"interpolated",1,0.98,8.773,8.558,8.988,53
"Kaua'i Island",364,"interpolated",2,0.98,5.318,5.192,5.444,53
"Maui Nui",210,"interpolated",0,0.98,14.44,14.198,14.682,53
"Maui Nui",210,"interpolated",1,0.98,6.147,6.05,6.243,53
"Maui Nui",210,"interpolated",2,0.98,4.66,4.597,4.722,53
"O'ahu Island",179,"interpolated",0,0.98,14.29,13.918,14.663,53
"O'ahu Island",179,"interpolated",1,0.98,8.236,8.093,8.379,53
"O'ahu Island",179,"interpolated",2,0.98,6.504,6.379,6.629,53
"Hawai'i Island",75,"interpolated",0,0.98,7.615,7.504,7.727,54
"Hawai'i Island",75,"interpolated",1,0.98,3.998,3.924,4.071,54
"Hawai'i Island",75,"interpolated",2,0.98,2.892,2.834,2.95,54
"Kaua'i Island",387,"interpolated",0,0.98,33.012,32.443,33.581,54
"Kaua'i Island",387,"interpolated",1,0.98,12.4,12.104,12.696,54
"Kaua'i Island",387,"interpolated",2,0.98,7.451,7.262,7.64,54
"Maui Nui",131,"interpolated",0,0.98,9.426,9.266,9.586,54
"Maui Nui",131,"interpolated",1,0.98,3.939,3.877,4,54
"Maui Nui",131,"interpolated",2,0.98,2.863,2.819,2.907,54
"O'ahu Island",146,"interpolated",0,0.98,13.699,13.37,14.027,54
"O'ahu Island",146,"interpolated",1,0.98,7.63,7.447,7.813,54
"O'ahu Island",146,"interpolated",2,0.98,5.678,5.514,5.841,54
"Hawai'i Island",119,"interpolated",0,0.98,8.574,8.395,8.754,55
"Hawai'i Island",119,"interpolated",1,0.98,3.486,3.416,3.555,55
"Hawai'i Island",119,"interpolated",2,0.98,2.509,2.463,2.554,55
"Kaua'i Island",408,"interpolated",0,0.98,35.074,34.504,35.644,55
"Kaua'i Island",408,"interpolated",1,0.98,12.213,11.895,12.532,55
"Kaua'i Island",408,"interpolated",2,0.98,6.872,6.676,7.069,55
"Maui Nui",132,"interpolated",0,0.98,10.127,9.925,10.329,55
"Maui Nui",132,"interpolated",1,0.98,4.416,4.339,4.493,55
"Maui Nui",132,"interpolated",2,0.98,3.039,2.979,3.099,55
"O'ahu Island",211,"interpolated",0,0.98,15.483,15.012,15.954,55
"O'ahu Island",211,"interpolated",1,0.98,6.173,5.973,6.372,55
"O'ahu Island",211,"interpolated",2,0.98,4.461,4.334,4.587,55
"Hawai'i Island",89,"interpolated",0,0.98,8.857,8.713,9,56
"Hawai'i Island",89,"interpolated",1,0.98,4.079,3.999,4.159,56
"Hawai'i Island",89,"interpolated",2,0.98,2.605,2.546,2.664,56
"Kaua'i Island",377,"interpolated",0,0.98,32.571,31.952,33.189,56
"Kaua'i Island",377,"interpolated",1,0.98,11.384,11.062,11.706,56
"Kaua'i Island",377,"interpolated",2,0.98,6.378,6.206,6.549,56
"Maui Nui",91,"interpolated",0,0.98,7.107,6.974,7.241,56
"Maui Nui",91,"interpolated",1,0.98,4.063,4.017,4.109,56
"Maui Nui",91,"interpolated",2,0.98,3.21,3.165,3.256,56
"O'ahu Island",199,"interpolated",0,0.98,17.197,16.826,17.569,56
"O'ahu Island",199,"interpolated",1,0.98,7.316,7.084,7.548,56
"O'ahu Island",199,"interpolated",2,0.98,4.855,4.694,5.015,56
"Hawai'i Island",132,"interpolated",0,0.98,11.394,11.225,11.564,57
"Hawai'i Island",132,"interpolated",1,0.98,5.856,5.756,5.956,57
"Hawai'i Island",132,"interpolated",2,0.98,4.46,4.384,4.536,57
"Kaua'i Island",257,"interpolated",0,0.98,22.335,21.952,22.718,57
"Kaua'i Island",257,"interpolated",1,0.98,9.242,9.033,9.45,57
"Kaua'i Island",257,"interpolated",2,0.98,5.966,5.824,6.107,57
"Maui Nui",85,"interpolated",0,0.98,6.814,6.684,6.944,57
"Maui Nui",85,"interpolated",1,0.98,3.466,3.415,3.517,57
"Maui Nui",85,"interpolated",2,0.98,2.475,2.434,2.517,57
"O'ahu Island",174,"interpolated",0,0.98,12.751,12.213,13.289,57
"O'ahu Island",174,"interpolated",1,0.98,4.517,4.303,4.732,57
"O'ahu Island",174,"interpolated",2,0.98,2.837,2.698,2.976,57
"Hawai'i Island",136,"interpolated",0,0.98,10.444,10.177,10.711,58
"Hawai'i Island",136,"interpolated",1,0.98,4.72,4.61,4.829,58
"Hawai'i Island",136,"interpolated",2,0.98,3.466,3.396,3.536,58
"Kaua'i Island",335,"interpolated",0,0.98,30.8,30.206,31.395,58
"Kaua'i Island",335,"interpolated",1,0.98,11.228,10.932,11.523,58
"Kaua'i Island",335,"interpolated",2,0.98,6.27,6.04,6.5,58
"Maui Nui",100,"interpolated",0,0.98,7.505,7.354,7.656,58
"Maui Nui",100,"interpolated",1,0.98,4.311,4.256,4.365,58
"Maui Nui",100,"interpolated",2,0.98,3.523,3.481,3.564,58
"O'ahu Island",200,"interpolated",0,0.98,15.787,15.317,16.258,58
"O'ahu Island",200,"interpolated",1,0.98,7.464,7.246,7.681,58
"O'ahu Island",200,"interpolated",2,0.98,5.185,5.013,5.356,58
"Hawai'i Island",80,"interpolated",0,0.98,8.232,8.116,8.347,59
"Hawai'i Island",80,"interpolated",1,0.98,4.53,4.456,4.605,59
"Hawai'i Island",80,"interpolated",2,0.98,3.365,3.31,3.421,59
"Kaua'i Island",391,"interpolated",0,0.98,35.062,34.397,35.727,59
"Kaua'i Island",391,"interpolated",1,0.98,12.933,12.562,13.305,59
"Kaua'i Island",391,"interpolated",2,0.98,7.118,6.868,7.368,59
"Maui Nui",94,"interpolated",0,0.98,6.348,6.203,6.493,59
"Maui Nui",94,"interpolated",1,0.98,3.048,3.001,3.096,59
"Maui Nui",94,"interpolated",2,0.98,2.254,2.219,2.289,59
"O'ahu Island",212,"interpolated",0,0.98,16.377,15.991,16.764,59
"O'ahu Island",212,"interpolated",1,0.98,7.18,7.009,7.35,59
"O'ahu Island",212,"interpolated",2,0.98,4.785,4.647,4.923,59
"Hawai'i Island",101,"interpolated",0,0.98,6.764,6.586,6.942,60
"Hawai'i Island",101,"interpolated",1,0.98,2.885,2.831,2.939,60
"Hawai'i Island",101,"interpolated",2,0.98,2.287,2.254,2.32,60
"Kaua'i Island",256,"interpolated",0,0.98,19.293,18.887,19.699,60
"Kaua'i Island",256,"interpolated",1,0.98,8.449,8.271,8.627,60
"Kaua'i Island",256,"interpolated",2,0.98,5.755,5.618,5.893,60
"Maui Nui",189,"interpolated",0,0.98,10.862,10.595,11.129,60
"Maui Nui",189,"interpolated",1,0.98,4.302,4.239,4.365,60
"Maui Nui",189,"interpolated",2,0.98,3.274,3.23,3.319,60
"O'ahu Island",151,"interpolated",0,0.98,10.567,10.195,10.94,60
"O'ahu Island",151,"interpolated",1,0.98,3.871,3.729,4.013,60
"O'ahu Island",151,"interpolated",2,0.98,2.745,2.666,2.825,60
"Hawai'i Island",92,"interpolated",0,0.98,7.926,7.716,8.136,61
"Hawai'i Island",92,"interpolated",1,0.98,3.431,3.335,3.527,61
"Hawai'i Island",92,"interpolated",2,0.98,2.247,2.176,2.319,61
"Kaua'i Island",407,"interpolated",0,0.98,26.443,25.762,27.123,61
"Kaua'i Island",407,"interpolated",1,0.98,8.278,8.055,8.502,61
"Kaua'i Island",407,"interpolated",2,0.98,5.28,5.142,5.418,61
"Maui Nui",22505,"observed",0,1,10,10,10,61
"Maui Nui",22505,"observed",1,1,4.428,4.37,4.485,61
"Maui Nui",22505,"observed",2,1,3.406,3.361,3.451,61
"O'ahu Island",270,"interpolated",0,0.98,17.337,16.786,17.888,61
"O'ahu Island",270,"interpolated",1,0.98,7.858,7.692,8.024,61
"O'ahu Island",270,"interpolated",2,0.98,5.944,5.822,6.065,61
"Hawai'i Island",15515,"observed",0,1,9,9,9,62
"Hawai'i Island",15515,"observed",1,1,3.283,3.221,3.345,62
"Hawai'i Island",15515,"observed",2,1,2.195,2.154,2.236,62
"Kaua'i Island",359,"interpolated",0,0.98,31.233,30.646,31.819,62
"Kaua'i Island",359,"interpolated",1,0.98,11.047,10.741,11.352,62
"Kaua'i Island",359,"interpolated",2,0.98,6.193,5.99,6.396,62
"Maui Nui",162,"interpolated",0,0.98,10.704,10.476,10.932,62
"Maui Nui",162,"interpolated",1,0.98,4.248,4.174,4.321,62
"Maui Nui",162,"interpolated",2,0.98,2.875,2.825,2.925,62
"O'ahu Island",195,"interpolated",0,0.98,14.258,13.81,14.707,62
"O'ahu Island",195,"interpolated",1,0.98,6.909,6.739,7.079,62
"O'ahu Island",195,"interpolated",2,0.98,5.035,4.9,5.17,62
"Hawai'i Island",68,"interpolated",0,0.98,6.382,6.208,6.556,63
"Hawai'i Island",68,"interpolated",1,0.98,4.083,3.992,4.174,63
"Hawai'i Island",68,"interpolated",2,0.98,3.366,3.292,3.44,63
"Kaua'i Island",365,"interpolated",0,0.98,30.944,30.313,31.575,63
"Kaua'i Island",365,"interpolated",1,0.98,10.608,10.286,10.93,63
"Kaua'i Island",365,"interpolated",2,0.98,6.127,5.95,6.304,63
"Maui Nui",131,"interpolated",0,0.98,10.294,10.111,10.477,63
"Maui Nui",131,"interpolated",1,0.98,5.233,5.159,5.308,63
"Maui Nui",131,"interpolated",2,0.98,3.717,3.655,3.779,63
"O'ahu Island",256,"interpolated",0,0.98,16.337,15.86,16.814,63
"O'ahu Island",256,"interpolated",1,0.98,6.04,5.914,6.165,63
"O'ahu Island",256,"interpolated",2,0.98,4.317,4.222,4.412,63
"Hawai'i Island",81,"interpolated",0,0.98,8.72,8.582,8.859,64
"Hawai'i Island",81,"interpolated",1,0.98,5.739,5.643,5.835,64
"Hawai'i Island",81,"interpolated",2,0.98,4.674,4.589,4.759,64
"Kaua'i Island",391,"interpolated",0,0.98,33.335,32.732,33.938,64
"Kaua'i Island",391,"interpolated",1,0.98,12.019,11.673,12.365,64
"Kaua'i Island",391,"interpolated",2,0.98,6.985,6.774,7.197,64
"Maui Nui",67,"interpolated",0,0.98,6.766,6.674,6.859,64
"Maui Nui",67,"interpolated",1,0.98,4.87,4.828,4.912,64
"Maui Nui",67,"interpolated",2,0.98,4.121,4.075,4.167,64
"O'ahu Island",213,"interpolated",0,0.98,16.956,16.538,17.374,64
"O'ahu Island",213,"interpolated",1,0.98,8.669,8.51,8.829,64
"O'ahu Island",213,"interpolated",2,0.98,6.436,6.292,6.579,64
"Hawai'i Island",107,"interpolated",0,0.98,11.716,11.585,11.847,65
"Hawai'i Island",107,"interpolated",1,0.98,6.999,6.893,7.105,65
"Hawai'i Island",107,"interpolated",2,0.98,5.168,5.069,5.268,65
"Kaua'i Island",347,"interpolated",0,0.98,27.698,27.12,28.276,65
"Kaua'i Island",347,"interpolated",1,0.98,9.292,9.028,9.556,65
"Kaua'i Island",347,"interpolated",2,0.98,5.755,5.605,5.906,65
"Maui Nui",63,"interpolated",0,0.98,6.315,6.208,6.422,65
"Maui Nui",63,"interpolated",1,0.98,4.186,4.129,4.243,65
"Maui Nui",63,"interpolated",2,0.98,3.348,3.291,3.405,65
"O'ahu Island",210,"interpolated",0,0.98,15.82,15.404,16.237,65
"O'ahu Island",210,"interpolated",1,0.98,5.758,5.588,5.929,65
"O'ahu Island",210,"interpolated",2,0.98,3.574,3.459,3.688,65
"Hawai'i Island",80,"interpolated",0,0.98,8.794,8.623,8.965,66
"Hawai'i Island",80,"interpolated",1,0.98,5.646,5.556,5.737,66
"Hawai'i Island",80,"interpolated",2,0.98,4.482,4.391,4.574,66
"Kaua'i Island",402,"interpolated",0,0.98,33.079,32.462,33.697,66
"Kaua'i Island",402,"interpolated",1,0.98,10.06,9.779,10.341,66
"Kaua'i Island",402,"interpolated",2,0.98,5.632,5.49,5.774,66
"Maui Nui",67,"interpolated",0,0.98,5.527,5.437,5.616,66
"Maui Nui",67,"interpolated",1,0.98,3.281,3.243,3.32,66
"Maui Nui",67,"interpolated",2,0.98,2.696,2.669,2.724,66
"O'ahu Island",193,"interpolated",0,0.98,13.249,12.741,13.757,66
"O'ahu Island",193,"interpolated",1,0.98,5.079,4.911,5.248,66
"O'ahu Island",193,"interpolated",2,0.98,3.478,3.375,3.582,66
"Hawai'i Island",66,"interpolated",0,0.98,6.197,6.078,6.317,67
"Hawai'i Island",66,"interpolated",1,0.98,2.558,2.506,2.609,67
"Hawai'i Island",66,"interpolated",2,0.98,1.745,1.71,1.78,67
"Kaua'i Island",426,"interpolated",0,0.98,34.329,33.664,34.994,67
"Kaua'i Island",426,"interpolated",1,0.98,10.336,10.048,10.623,67
"Kaua'i Island",426,"interpolated",2,0.98,5.57,5.415,5.725,67
"Maui Nui",150,"interpolated",0,0.98,12.144,11.946,12.342,67
"Maui Nui",150,"interpolated",1,0.98,5.515,5.422,5.608,67
"Maui Nui",150,"interpolated",2,0.98,3.871,3.8,3.943,67
"O'ahu Island",247,"interpolated",0,0.98,17.857,17.354,18.36,67
"O'ahu Island",247,"interpolated",1,0.98,7.571,7.399,7.743,67
"O'ahu Island",247,"interpolated",2,0.98,5.319,5.195,5.444,67
"Hawai'i Island",100,"interpolated",0,0.98,7.088,6.88,7.295,68
"Hawai'i Island",100,"interpolated",1,0.98,2.877,2.801,2.952,68
"Hawai'i Island",100,"interpolated",2,0.98,2.038,1.99,2.086,68
"Kaua'i Island",361,"interpolated",0,0.98,32.25,31.694,32.805,68
"Kaua'i Island",361,"interpolated",1,0.98,10.955,10.61,11.3,68
"Kaua'i Island",361,"interpolated",2,0.98,5.898,5.716,6.079,68
"Maui Nui",126,"interpolated",0,0.98,10.553,10.346,10.759,68
"Maui Nui",126,"interpolated",1,0.98,4.375,4.283,4.466,68
"Maui Nui",126,"interpolated",2,0.98,2.737,2.673,2.8,68
"O'ahu Island",317,"interpolated",0,0.98,21.28,20.646,21.915,68
"O'ahu Island",317,"interpolated",1,0.98,6.969,6.781,7.158,68
"O'ahu Island",317,"interpolated",2,0.98,4.643,4.528,4.758,68
"Hawai'i Island",115,"interpolated",0,0.98,11.046,10.783,11.308,69
"Hawai'i Island",115,"interpolated",1,0.98,6.474,6.326,6.623,69
"Hawai'i Island",115,"interpolated",2,0.98,4.608,4.443,4.774,69
"Kaua'i Island",318,"interpolated",0,0.98,26.553,26.116,26.99,69
"Kaua'i Island",318,"interpolated",1,0.98,10.751,10.533,10.968,69
"Kaua'i Island",318,"interpolated",2,0.98,7.134,6.996,7.272,69
"Maui Nui",169,"interpolated",0,0.98,10.206,9.961,10.451,69
"Maui Nui",169,"interpolated",1,0.98,4.057,3.987,4.126,69
"Maui Nui",169,"interpolated",2,0.98,3.031,2.981,3.08,69
"O'ahu Island",200,"interpolated",0,0.98,17.998,17.571,18.425,69
"O'ahu Island",200,"interpolated",1,0.98,6.938,6.677,7.2,69
"O'ahu Island",200,"interpolated",2,0.98,4.046,3.877,4.215,69
"Hawai'i Island",57,"interpolated",0,0.98,7.736,7.674,7.798,70
"Hawai'i Island",57,"interpolated",1,0.98,4.537,4.46,4.614,70
"Hawai'i Island",57,"interpolated",2,0.98,3.178,3.113,3.243,70
"Kaua'i Island",233,"interpolated",0,0.98,16.219,15.856,16.581,70
"Kaua'i Island",233,"interpolated",1,0.98,7.364,7.226,7.502,70
"Kaua'i Island",233,"interpolated",2,0.98,5.534,5.446,5.622,70
"Maui Nui",108,"interpolated",0,0.98,8.319,8.144,8.494,70
"Maui Nui",108,"interpolated",1,0.98,4.095,4.034,4.156,70
"Maui Nui",108,"interpolated",2,0.98,3.124,3.084,3.163,70
"O'ahu Island",296,"interpolated",0,0.98,21.631,21.065,22.198,70
"O'ahu Island",296,"interpolated",1,0.98,9.247,9.061,9.432,70
"O'ahu Island",296,"interpolated",2,0.98,6.518,6.365,6.671,70
"Hawai'i Island",71,"interpolated",0,0.98,7.435,7.32,7.55,71
"Hawai'i Island",71,"interpolated",1,0.98,4.425,4.352,4.498,71
"Hawai'i Island",71,"interpolated",2,0.98,3.449,3.385,3.513,71
"Kaua'i Island",275,"interpolated",0,0.98,25.769,25.343,26.195,71
"Kaua'i Island",275,"interpolated",1,0.98,10.479,10.22,10.739,71
"Kaua'i Island",275,"interpolated",2,0.98,6.097,5.915,6.278,71
"Maui Nui",168,"interpolated",0,0.98,13.726,13.517,13.934,71
"Maui Nui",168,"interpolated",1,0.98,5.101,4.99,5.211,71
"Maui Nui",168,"interpolated",2,0.98,2.967,2.904,3.03,71
"O'ahu Island",167,"interpolated",0,0.98,14.765,14.435,15.096,71
"O'ahu Island",167,"interpolated",1,0.98,7.524,7.343,7.705,71
"O'ahu Island",167,"interpolated",2,0.98,5.315,5.162,5.468,71
"Hawai'i Island",78,"interpolated",0,0.98,8.271,8.156,8.385,72
"Hawai'i Island",78,"interpolated",1,0.98,4.362,4.275,4.448,72
"Hawai'i Island",78,"interpolated",2,0.98,3.001,2.936,3.067,72
"Kaua'i Island",298,"interpolated",0,0.98,26.329,25.87,26.788,72
"Kaua'i Island",298,"interpolated",1,0.98,10.191,9.951,10.432,72
"Kaua'i Island",298,"interpolated",2,0.98,6.29,6.119,6.46,72
"Maui Nui",166,"interpolated",0,0.98,11.514,11.267,11.761,72
"Maui Nui",166,"interpolated",1,0.98,5.718,5.634,5.801,72
"Maui Nui",166,"interpolated",2,0.98,4.516,4.455,4.577,72
"O'ahu Island",184,"interpolated",0,0.98,16.551,16.201,16.901,72
"O'ahu Island",184,"interpolated",1,0.98,7.645,7.419,7.872,72
"O'ahu Island",184,"interpolated",2,0.98,4.929,4.756,5.102,72
"Hawai'i Island",75,"interpolated",0,0.98,6.19,6.065,6.315,73
"Hawai'i Island",75,"interpolated",1,0.98,2.333,2.278,2.387,73
"Hawai'i Island",75,"interpolated",2,0.98,1.616,1.585,1.647,73
"Kaua'i Island",169,"interpolated",0,0.98,13.422,13.152,13.692,73
"Kaua'i Island",169,"interpolated",1,0.98,7.137,7.017,7.256,73
"Kaua'i Island",169,"interpolated",2,0.98,5.501,5.41,5.592,73
"Maui Nui",84,"interpolated",0,0.98,6.818,6.671,6.965,73
"Maui Nui",84,"interpolated",1,0.98,3.864,3.811,3.917,73
"Maui Nui",84,"interpolated",2,0.98,3.033,2.991,3.075,73
"O'ahu Island",190,"interpolated",0,0.98,14.562,14.049,15.076,73
"O'ahu Island",190,"interpolated",1,0.98,4.864,4.666,5.063,73
"O'ahu Island",190,"interpolated",2,0.98,2.872,2.755,2.989,73
"Hawai'i Island",98,"interpolated",0,0.98,5.985,5.848,6.122,74
"Hawai'i Island",98,"interpolated",1,0.98,2.388,2.349,2.427,74
"Hawai'i Island",98,"interpolated",2,0.98,1.732,1.71,1.754,74
"Kaua'i Island",257,"interpolated",0,0.98,19.068,18.638,19.499,74
"Kaua'i Island",257,"interpolated",1,0.98,8.183,8.01,8.356,74
"Kaua'i Island",257,"interpolated",2,0.98,5.595,5.469,5.721,74
"Maui Nui",212,"interpolated",0,0.98,16.758,16.402,17.113,74
"Maui Nui",212,"interpolated",1,0.98,7.43,7.287,7.573,74
"Maui Nui",212,"interpolated",2,0.98,5.02,4.912,5.128,74
"O'ahu Island",268,"interpolated",0,0.98,15.096,14.528,15.664,74
"O'ahu Island",268,"interpolated",1,0.98,5.696,5.571,5.822,74
"O'ahu Island",268,"interpolated",2,0.98,4.37,4.283,4.458,74
"Hawai'i Island",89,"interpolated",0,0.98,5.998,5.853,6.144,75
"Hawai'i Island",89,"interpolated",1,0.98,2.302,2.256,2.348,75
"Hawai'i Island",89,"interpolated",2,0.98,1.666,1.641,1.691,75
"Kaua'i Island",362,"interpolated",0,0.98,28.3,27.713,28.888,75
"Kaua'i Island",362,"interpolated",1,0.98,9.415,9.196,9.635,75
"Kaua'i Island",362,"interpolated",2,0.98,5.748,5.612,5.884,75
"Maui Nui",200,"interpolated",0,0.98,16.504,16.148,16.859,75
"Maui Nui",200,"interpolated",1,0.98,7.358,7.171,7.545,75
"Maui Nui",200,"interpolated",2,0.98,5.033,4.91,5.156,75
"O'ahu Island",190,"interpolated",0,0.98,15.114,14.721,15.508,75
"O'ahu Island",190,"interpolated",1,0.98,7.186,7.024,7.348,75
"O'ahu Island",190,"interpolated",2,0.98,4.997,4.849,5.145,75
"Hawai'i Island",71,"interpolated",0,0.98,5.996,5.869,6.122,76
"Hawai'i Island",71,"interpolated",1,0.98,2.421,2.374,2.467,76
"Hawai'i Island",71,"interpolated",2,0.98,1.679,1.647,1.71,76
"Kaua'i Island",377,"interpolated",0,0.98,24.959,24.331,25.588,76
"Kaua'i Island",377,"interpolated",1,0.98,8.247,8.036,8.459,76
"Kaua'i Island",377,"interpolated",2,0.98,5.413,5.296,5.531,76
"Maui Nui",54,"interpolated",0,0.98,7.053,6.986,7.121,76
"Maui Nui",54,"interpolated",1,0.98,4.983,4.925,5.042,76
"Maui Nui",54,"interpolated",2,0.98,4.061,3.999,4.123,76
"O'ahu Island",190,"interpolated",0,0.98,14.961,14.538,15.383,76
"O'ahu Island",190,"interpolated",1,0.98,6.307,6.115,6.499,76
"O'ahu Island",190,"interpolated",2,0.98,4.31,4.19,4.429,76
"Hawai'i Island",109,"interpolated",0,0.98,5.873,5.649,6.097,77
"Hawai'i Island",109,"interpolated",1,0.98,1.654,1.611,1.697,77
"Hawai'i Island",109,"interpolated",2,0.98,1.266,1.247,1.285,77
"Kaua'i Island",352,"interpolated",0,0.98,21.687,21.113,22.261,77
"Kaua'i Island",352,"interpolated",1,0.98,7.881,7.718,8.043,77
"Kaua'i Island",352,"interpolated",2,0.98,5.61,5.494,5.725,77
"Maui Nui",49,"interpolated",0,0.98,4.77,4.7,4.84,77
"Maui Nui",49,"interpolated",1,0.98,3.18,3.145,3.215,77
"Maui Nui",49,"interpolated",2,0.98,2.69,2.662,2.718,77
"O'ahu Island",194,"interpolated",0,0.98,12.041,11.506,12.577,77
"O'ahu Island",194,"interpolated",1,0.98,4.054,3.907,4.201,77
"O'ahu Island",194,"interpolated",2,0.98,2.885,2.798,2.972,77
"Hawai'i Island",136,"interpolated",0,0.98,11.997,11.68,12.314,78
"Hawai'i Island",136,"interpolated",1,0.98,6.05,5.885,6.216,78
"Hawai'i Island",136,"interpolated",2,0.98,4.299,4.177,4.421,78
"Kaua'i Island",221,"interpolated",0,0.98,17.762,17.421,18.102,78
"Kaua'i Island",221,"interpolated",1,0.98,7.509,7.357,7.662,78
"Kaua'i Island",221,"interpolated",2,0.98,5.258,5.137,5.38,78
"Maui Nui",222,"interpolated",0,0.98,17.414,17.135,17.693,78
"Maui Nui",222,"interpolated",1,0.98,8.295,8.167,8.424,78
"Maui Nui",222,"interpolated",2,0.98,6.014,5.914,6.115,78
"O'ahu Island",171,"interpolated",0,0.98,16.99,16.591,17.388,78
"O'ahu Island",171,"interpolated",1,0.98,9.897,9.644,10.149,78
"O'ahu Island",171,"interpolated",2,0.98,7.551,7.348,7.754,78
"Hawai'i Island",133,"interpolated",0,0.98,12.256,12.064,12.448,79
"Hawai'i Island",133,"interpolated",1,0.98,6.885,6.781,6.989,79
"Hawai'i Island",133,"interpolated",2,0.98,5.335,5.241,5.429,79
"Kaua'i Island",230,"interpolated",0,0.98,17.163,16.785,17.541,79
"Kaua'i Island",230,"interpolated",1,0.98,7.593,7.425,7.761,79
"Kaua'i Island",230,"interpolated",2,0.98,5.341,5.208,5.474,79
"Maui Nui",143,"interpolated",0,0.98,11.067,10.871,11.262,79
"Maui Nui",143,"interpolated",1,0.98,5.063,4.977,5.15,79
"Maui Nui",143,"interpolated",2,0.98,3.761,3.703,3.82,79
"O'ahu Island",159,"interpolated",0,0.98,12.189,11.704,12.673,79
"O'ahu Island",159,"interpolated",1,0.98,6.797,6.628,6.967,79
"O'ahu Island",159,"interpolated",2,0.98,5.405,5.262,5.548,79
"Hawai'i Island",92,"interpolated",0,0.98,8.226,8.057,8.396,80
"Hawai'i Island",92,"interpolated",1,0.98,3.596,3.509,3.683,80
"Hawai'i Island",92,"interpolated",2,0.98,2.381,2.322,2.441,80
"Kaua'i Island",400,"interpolated",0,0.98,26.843,26.229,27.457,80
"Kaua'i Island",400,"interpolated",1,0.98,9.266,9.051,9.482,80
"Kaua'i Island",400,"interpolated",2,0.98,6.222,6.078,6.365,80
"Maui Nui",116,"interpolated",0,0.98,9.561,9.372,9.75,80
"Maui Nui",116,"interpolated",1,0.98,5.086,5.009,5.163,80
"Maui Nui",116,"interpolated",2,0.98,3.897,3.836,3.958,80
"O'ahu Island",255,"interpolated",0,0.98,17.896,17.465,18.327,80
"O'ahu Island",255,"interpolated",1,0.98,8.05,7.892,8.208,80
"O'ahu Island",255,"interpolated",2,0.98,5.852,5.726,5.978,80
"Hawai'i Island",86,"interpolated",0,0.98,7.666,7.521,7.811,81
"Hawai'i Island",86,"interpolated",1,0.98,3.024,2.957,3.09,81
"Hawai'i Island",86,"interpolated",2,0.98,1.972,1.931,2.012,81
"Kaua'i Island",398,"interpolated",0,0.98,30.333,29.798,30.868,81
"Kaua'i Island",398,"interpolated",1,0.98,10.554,10.315,10.793,81
"Kaua'i Island",398,"interpolated",2,0.98,6.776,6.629,6.923,81
"Maui Nui",82,"interpolated",0,0.98,7.603,7.491,7.714,81
"Maui Nui",82,"interpolated",1,0.98,4.072,4.008,4.136,81
"Maui Nui",82,"interpolated",2,0.98,2.935,2.885,2.986,81
"O'ahu Island",244,"interpolated",0,0.98,15.916,15.307,16.524,81
"O'ahu Island",244,"interpolated",1,0.98,5.477,5.293,5.661,81
"O'ahu Island",244,"interpolated",2,0.98,3.635,3.519,3.752,81
"Hawai'i Island",75,"interpolated",0,0.98,6.867,6.714,7.02,82
"Hawai'i Island",75,"interpolated",1,0.98,3.299,3.226,3.372,82
"Hawai'i Island",75,"interpolated",2,0.98,2.246,2.198,2.295,82
"Kaua'i Island",323,"interpolated",0,0.98,29.435,28.797,30.073,82
"Kaua'i Island",323,"interpolated",1,0.98,11.26,10.951,11.569,82
"Kaua'i Island",323,"interpolated",2,0.98,6.593,6.388,6.798,82
"Maui Nui",68,"interpolated",0,0.98,5.752,5.637,5.866,82
"Maui Nui",68,"interpolated",1,0.98,3.823,3.779,3.867,82
"Maui Nui",68,"interpolated",2,0.98,3.135,3.089,3.181,82
"O'ahu Island",263,"interpolated",0,0.98,20.63,20.156,21.104,82
"O'ahu Island",263,"interpolated",1,0.98,10.081,9.869,10.292,82
"O'ahu Island",263,"interpolated",2,0.98,7.312,7.124,7.5,82
"Hawai'i Island",115,"interpolated",0,0.98,9.486,9.314,9.657,83
"Hawai'i Island",115,"interpolated",1,0.98,4.242,4.168,4.315,83
"Hawai'i Island",115,"interpolated",2,0.98,3.147,3.098,3.197,83
"Kaua'i Island",231,"interpolated",0,0.98,20.942,20.604,21.28,83
"Kaua'i Island",231,"interpolated",1,0.98,8.661,8.44,8.881,83
"Kaua'i Island",231,"interpolated",2,0.98,5.397,5.222,5.571,83
"Maui Nui",75,"interpolated",0,0.98,6.003,5.906,6.101,83
"Maui Nui",75,"interpolated",1,0.98,2.861,2.819,2.903,83
"Maui Nui",75,"interpolated",2,0.98,2.066,2.036,2.097,83
"O'ahu Island",249,"interpolated",0,0.98,18.726,18.242,19.21,83
"O'ahu Island",249,"interpolated",1,0.98,9.257,9.05,9.463,83
"O'ahu Island",249,"interpolated",2,0.98,6.891,6.733,7.049,83
"Hawai'i Island",141,"interpolated",0,0.98,10.922,10.691,11.152,84
"Hawai'i Island",141,"interpolated",1,0.98,5.503,5.416,5.59,84
"Hawai'i Island",141,"interpolated",2,0.98,4.336,4.271,4.402,84
"Kaua'i Island",257,"interpolated",0,0.98,21.311,20.907,21.715,84
"Kaua'i Island",257,"interpolated",1,0.98,7.86,7.676,8.044,84
"Kaua'i Island",257,"interpolated",2,0.98,5.005,4.89,5.119,84
"Maui Nui",99,"interpolated",0,0.98,6.592,6.456,6.728,84
"Maui Nui",99,"interpolated",1,0.98,3.848,3.806,3.891,84
"Maui Nui",99,"interpolated",2,0.98,3.211,3.176,3.247,84
"O'ahu Island",182,"interpolated",0,0.98,16.526,16.159,16.892,84
"O'ahu Island",182,"interpolated",1,0.98,9.389,9.192,9.586,84
"O'ahu Island",182,"interpolated",2,0.98,7.019,6.854,7.185,84
"Hawai'i Island",119,"interpolated",0,0.98,10.769,10.601,10.937,85
"Hawai'i Island",119,"interpolated",1,0.98,5.231,5.121,5.342,85
"Hawai'i Island",119,"interpolated",2,0.98,3.766,3.693,3.839,85
"Kaua'i Island",333,"interpolated",0,0.98,20.916,20.324,21.507,85
"Kaua'i Island",333,"interpolated",1,0.98,7.037,6.858,7.215,85
"Kaua'i Island",333,"interpolated",2,0.98,4.801,4.685,4.916,85
"Maui Nui",101,"interpolated",0,0.98,8.165,8.013,8.317,85
"Maui Nui",101,"interpolated",1,0.98,5.084,5.024,5.145,85
"Maui Nui",101,"interpolated",2,0.98,4.031,3.96,4.102,85
"O'ahu Island",201,"interpolated",0,0.98,17.16,16.749,17.571,85
"O'ahu Island",201,"interpolated",1,0.98,7.665,7.431,7.899,85
"O'ahu Island",201,"interpolated",2,0.98,4.847,4.673,5.021,85
"Hawai'i Island",86,"interpolated",0,0.98,6.701,6.571,6.831,86
"Hawai'i Island",86,"interpolated",1,0.98,2.849,2.788,2.911,86
"Hawai'i Island",86,"interpolated",2,0.98,2.008,1.971,2.046,86
"Kaua'i Island",367,"interpolated",0,0.98,32.932,32.337,33.527,86
"Kaua'i Island",367,"interpolated",1,0.98,12.707,12.364,13.05,86
"Kaua'i Island",367,"interpolated",2,0.98,7.652,7.457,7.846,86
"Maui Nui",76,"interpolated",0,0.98,6.372,6.246,6.498,86
"Maui Nui",76,"interpolated",1,0.98,3.817,3.768,3.866,86
"Maui Nui",76,"interpolated",2,0.98,3.02,2.975,3.065,86
"O'ahu Island",244,"interpolated",0,0.98,16.322,15.848,16.796,86
"O'ahu Island",244,"interpolated",1,0.98,6.62,6.465,6.776,86
"O'ahu Island",244,"interpolated",2,0.98,4.774,4.677,4.871,86
"Hawai'i Island",137,"interpolated",0,0.98,8.931,8.664,9.199,87
"Hawai'i Island",137,"interpolated",1,0.98,4.03,3.959,4.101,87
"Hawai'i Island",137,"interpolated",2,0.98,3.128,3.079,3.177,87
"Kaua'i Island",292,"interpolated",0,0.98,24.356,23.933,24.779,87
"Kaua'i Island",292,"interpolated",1,0.98,9.023,8.804,9.242,87
"Kaua'i Island",292,"interpolated",2,0.98,5.747,5.619,5.875,87
"Maui Nui",129,"interpolated",0,0.98,9.206,9.015,9.397,87
"Maui Nui",129,"interpolated",1,0.98,3.477,3.415,3.54,87
"Maui Nui",129,"interpolated",2,0.98,2.349,2.308,2.389,87
"O'ahu Island",201,"interpolated",0,0.98,16.856,16.505,17.206,87
"O'ahu Island",201,"interpolated",1,0.98,7.853,7.671,8.034,87
"O'ahu Island",201,"interpolated",2,0.98,5.241,5.08,5.402,87
"Hawai'i Island",85,"interpolated",0,0.98,7.992,7.843,8.14,88
"Hawai'i Island",85,"interpolated",1,0.98,5.448,5.381,5.515,88
"Hawai'i Island",85,"interpolated",2,0.98,4.63,4.563,4.697,88
"Kaua'i Island",400,"interpolated",0,0.98,26.843,26.237,27.45,88
"Kaua'i Island",400,"interpolated",1,0.98,9.266,9.059,9.474,88
"Kaua'i Island",400,"interpolated",2,0.98,6.222,6.087,6.356,88
"Maui Nui",153,"interpolated",0,0.98,11.388,11.157,11.62,88
"Maui Nui",153,"interpolated",1,0.98,5.291,5.207,5.375,88
"Maui Nui",153,"interpolated",2,0.98,3.688,3.617,3.76,88
"O'ahu Island",202,"interpolated",0,0.98,16.851,16.406,17.296,88
"O'ahu Island",202,"interpolated",1,0.98,8.938,8.723,9.153,88
"O'ahu Island",202,"interpolated",2,0.98,6.347,6.161,6.533,88
"Hawai'i Island",6648,"observed",0,1,5,5,5,89
"Hawai'i Island",6648,"observed",1,1,3.423,3.375,3.471,89
"Hawai'i Island",6648,"observed",2,1,2.969,2.916,3.022,89
"Kaua'i Island",345,"interpolated",0,0.98,22.921,22.363,23.479,89
"Kaua'i Island",345,"interpolated",1,0.98,8.177,7.975,8.379,89
"Kaua'i Island",345,"interpolated",2,0.98,5.472,5.351,5.594,89
"Maui Nui",144,"interpolated",0,0.98,10.993,10.798,11.188,89
"Maui Nui",144,"interpolated",1,0.98,5.234,5.149,5.319,89
"Maui Nui",144,"interpolated",2,0.98,3.846,3.775,3.917,89
"O'ahu Island",170,"interpolated",0,0.98,12.936,12.533,13.338,89
"O'ahu Island",170,"interpolated",1,0.98,5.146,4.974,5.317,89
"O'ahu Island",170,"interpolated",2,0.98,3.418,3.313,3.524,89
"Hawai'i Island",134,"interpolated",0,0.98,12.905,12.722,13.087,90
"Hawai'i Island",134,"interpolated",1,0.98,7.085,6.971,7.199,90
"Hawai'i Island",134,"interpolated",2,0.98,5.18,5.085,5.274,90
"Kaua'i Island",344,"interpolated",0,0.98,24.251,23.751,24.75,90
"Kaua'i Island",344,"interpolated",1,0.98,8.066,7.883,8.249,90
"Kaua'i Island",344,"interpolated",2,0.98,5.382,5.264,5.499,90
"Maui Nui",190,"interpolated",0,0.98,13.526,13.262,13.79,90
"Maui Nui",190,"interpolated",1,0.98,5.705,5.608,5.801,90
"Maui Nui",190,"interpolated",2,0.98,3.872,3.795,3.949,90
"O'ahu Island",174,"interpolated",0,0.98,15.329,15.021,15.638,90
"O'ahu Island",174,"interpolated",1,0.98,7.755,7.595,7.915,90
"O'ahu Island",174,"interpolated",2,0.98,5.618,5.471,5.766,90
"Hawai'i Island",108,"interpolated",0,0.98,10.518,10.282,10.754,91
"Hawai'i Island",108,"interpolated",1,0.98,6.065,5.92,6.209,91
"Hawai'i Island",108,"interpolated",2,0.98,4.793,4.689,4.897,91
"Kaua'i Island",394,"interpolated",0,0.98,33.058,32.525,33.591,91
"Kaua'i Island",394,"interpolated",1,0.98,11.159,10.882,11.436,91
"Kaua'i Island",394,"interpolated",2,0.98,6.519,6.338,6.699,91
"Maui Nui",164,"interpolated",0,0.98,11.13,10.91,11.349,91
"Maui Nui",164,"interpolated",1,0.98,5.054,4.989,5.118,91
"Maui Nui",164,"interpolated",2,0.98,3.954,3.907,4.001,91
"O'ahu Island",220,"interpolated",0,0.98,19.879,19.456,20.303,91
"O'ahu Island",220,"interpolated",1,0.98,7.94,7.674,8.206,91
"O'ahu Island",220,"interpolated",2,0.98,4.566,4.377,4.754,91
"Hawai'i Island",200,"interpolated",0,0.98,16.163,15.849,16.477,92
"Hawai'i Island",200,"interpolated",1,0.98,8.316,8.174,8.458,92
"Hawai'i Island",200,"interpolated",2,0.98,6.023,5.903,6.144,92
"Kaua'i Island",394,"interpolated",0,0.98,25.03,24.448,25.613,92
"Kaua'i Island",394,"interpolated",1,0.98,8.001,7.818,8.184,92
"Kaua'i Island",394,"interpolated",2,0.98,5.346,5.238,5.454,92
"Maui Nui",191,"interpolated",0,0.98,18.58,18.334,18.826,92
"Maui Nui",191,"interpolated",1,0.98,8.908,8.726,9.09,92
"Maui Nui",191,"interpolated",2,0.98,5.576,5.434,5.718,92
"O'ahu Island",295,"interpolated",0,0.98,21.865,21.271,22.458,92
"O'ahu Island",295,"interpolated",1,0.98,10.079,9.87,10.288,92
"O'ahu Island",295,"interpolated",2,0.98,7.088,6.894,7.282,92
"Hawai'i Island",69,"interpolated",0,0.98,4.063,3.941,4.185,93
"Hawai'i Island",69,"interpolated",1,0.98,2.361,2.329,2.393,93
"Hawai'i Island",69,"interpolated",2,0.98,2.142,2.126,2.159,93
"Kaua'i Island",273,"interpolated",0,0.98,23.542,23.157,23.927,93
"Kaua'i Island",273,"interpolated",1,0.98,9.288,9.081,9.495,93
"Kaua'i Island",273,"interpolated",2,0.98,6.016,5.879,6.154,93
"Maui Nui",155,"interpolated",0,0.98,11.221,11.019,11.423,93
"Maui Nui",155,"interpolated",1,0.98,4.994,4.907,5.081,93
"Maui Nui",155,"interpolated",2,0.98,3.612,3.55,3.674,93
"O'ahu Island",234,"interpolated",0,0.98,18.938,18.48,19.395,93
"O'ahu Island",234,"interpolated",1,0.98,10.246,10.056,10.435,93
"O'ahu Island",234,"interpolated",2,0.98,7.741,7.573,7.909,93
"Hawai'i Island",88,"interpolated",0,0.98,7.725,7.54,7.91,94
"Hawai'i Island",88,"interpolated",1,0.98,4.305,4.208,4.403,94
"Hawai'i Island",88,"interpolated",2,0.98,3.218,3.134,3.303,94
"Kaua'i Island",253,"interpolated",0,0.98,18.74,18.353,19.126,94
"Kaua'i Island",253,"interpolated",1,0.98,8.246,8.08,8.413,94
"Kaua'i Island",253,"interpolated",2,0.98,5.706,5.596,5.815,94
"Maui Nui",238,"interpolated",0,0.98,16.106,15.755,16.456,94
"Maui Nui",238,"interpolated",1,0.98,5.68,5.571,5.789,94
"Maui Nui",238,"interpolated",2,0.98,3.47,3.392,3.548,94
"O'ahu Island",280,"interpolated",0,0.98,19.947,19.432,20.462,94
"O'ahu Island",280,"interpolated",1,0.98,7.759,7.544,7.975,94
"O'ahu Island",280,"interpolated",2,0.98,5.263,5.121,5.406,94
"Hawai'i Island",68,"interpolated",0,0.98,6.073,5.989,6.157,95
"Hawai'i Island",68,"interpolated",1,0.98,3.112,3.057,3.166,95
"Hawai'i Island",68,"interpolated",2,0.98,2.434,2.396,2.472,95
"Kaua'i Island",253,"interpolated",0,0.98,24.43,23.973,24.888,95
"Kaua'i Island",253,"interpolated",1,0.98,10.596,10.322,10.869,95
"Kaua'i Island",253,"interpolated",2,0.98,6.585,6.38,6.79,95
"Maui Nui",112,"interpolated",0,0.98,8.117,7.939,8.296,95
"Maui Nui",112,"interpolated",1,0.98,3.719,3.654,3.784,95
"Maui Nui",112,"interpolated",2,0.98,2.762,2.713,2.812,95
"O'ahu Island",249,"interpolated",0,0.98,18.726,18.238,19.214,95
"O'ahu Island",249,"interpolated",1,0.98,9.257,9.067,9.447,95
"O'ahu Island",249,"interpolated",2,0.98,6.891,6.739,7.043,95
"Hawai'i Island",92,"interpolated",0,0.98,8.645,8.484,8.806,96
"Hawai'i Island",92,"interpolated",1,0.98,5.528,5.434,5.622,96
"Hawai'i Island",92,"interpolated",2,0.98,4.563,4.493,4.633,96
"Kaua'i Island",384,"interpolated",0,0.98,25.771,25.127,26.415,96
"Kaua'i Island",384,"interpolated",1,0.98,7.921,7.724,8.117,96
"Kaua'i Island",384,"interpolated",2,0.98,4.968,4.845,5.092,96
"Maui Nui",254,"interpolated",0,0.98,18.707,18.325,19.088,96
"Maui Nui",254,"interpolated",1,0.98,6.764,6.628,6.901,96
"Maui Nui",254,"interpolated",2,0.98,4.528,4.442,4.614,96
"O'ahu Island",171,"interpolated",0,0.98,12.98,12.598,13.361,96
"O'ahu Island",171,"interpolated",1,0.98,7.268,7.126,7.41,96
"O'ahu Island",171,"interpolated",2,0.98,5.722,5.605,5.84,96
"Hawai'i Island",107,"interpolated",0,0.98,6.63,6.504,6.755,97
"Hawai'i Island",107,"interpolated",1,0.98,2.469,2.423,2.516,97
"Hawai'i Island",107,"interpolated",2,0.98,1.828,1.804,1.853,97
"Kaua'i Island",279,"interpolated",0,0.98,24.681,24.327,25.035,97
"Kaua'i Island",279,"interpolated",1,0.98,9.039,8.811,9.267,97
"Kaua'i Island",279,"interpolated",2,0.98,5.449,5.309,5.588,97
"Maui Nui",115,"interpolated",0,0.98,9.411,9.271,9.551,97
"Maui Nui",115,"interpolated",1,0.98,3.811,3.745,3.878,97
"Maui Nui",115,"interpolated",2,0.98,2.594,2.556,2.632,97
"O'ahu Island",163,"interpolated",0,0.98,15.179,14.801,15.557,97
"O'ahu Island",163,"interpolated",1,0.98,8.283,8.08,8.486,97
"O'ahu Island",163,"interpolated",2,0.98,5.772,5.584,5.959,97
"Hawai'i Island",97,"interpolated",0,0.98,10.099,9.936,10.262,98
"Hawai'i Island",97,"interpolated",1,0.98,5.999,5.884,6.113,98
"Hawai'i Island",97,"interpolated",2,0.98,4.585,4.487,4.683,98
"Kaua'i Island",359,"interpolated",0,0.98,31.233,30.643,31.822,98
"Kaua'i Island",359,"interpolated",1,0.98,11.047,10.731,11.362,98
"Kaua'i Island",359,"interpolated",2,0.98,6.193,5.985,6.401,98
"Maui Nui",73,"interpolated",0,0.98,8.407,8.32,8.493,98
"Maui Nui",73,"interpolated",1,0.98,5.712,5.652,5.771,98
"Maui Nui",73,"interpolated",2,0.98,4.588,4.526,4.65,98
"O'ahu Island",252,"interpolated",0,0.98,18.053,17.477,18.628,98
"O'ahu Island",252,"interpolated",1,0.98,5.476,5.261,5.691,98
"O'ahu Island",252,"interpolated",2,0.98,3.143,3.011,3.275,98
"Hawai'i Island",128,"interpolated",0,0.98,9.806,9.619,9.993,99
"Hawai'i Island",128,"interpolated",1,0.98,3.972,3.885,4.059,99
"Hawai'i Island",128,"interpolated",2,0.98,2.76,2.703,2.817,99
"Kaua'i Island",406,"interpolated",0,0.98,27.419,26.726,28.112,99
"Kaua'i Island",406,"interpolated",1,0.98,8.87,8.647,9.093,99
"Kaua'i Island",406,"interpolated",2,0.98,5.568,5.423,5.713,99
"Maui Nui",180,"interpolated",0,0.98,15.991,15.741,16.24,99
"Maui Nui",180,"interpolated",1,0.98,7.975,7.838,8.113,99
"Maui Nui",180,"interpolated",2,0.98,5.828,5.726,5.93,99
"O'ahu Island",286,"interpolated",0,0.98,19.157,18.582,19.732,99
"O'ahu Island",286,"interpolated",1,0.98,7.975,7.768,8.182,99
"O'ahu Island",286,"interpolated",2,0.98,5.601,5.459,5.743,99
"Hawai'i Island",81,"interpolated",0,0.98,7.656,7.538,7.774,100
"Hawai'i Island",81,"interpolated",1,0.98,4.55,4.477,4.623,100
"Hawai'i Island",81,"interpolated",2,0.98,3.598,3.529,3.668,100
"Kaua'i Island",294,"interpolated",0,0.98,25.136,24.715,25.556,100
"Kaua'i Island",294,"interpolated",1,0.98,9.93,9.705,10.155,100
"Kaua'i Island",294,"interpolated",2,0.98,6.291,6.161,6.421,100
"Maui Nui",105,"interpolated",0,0.98,7.848,7.674,8.023,100
"Maui Nui",105,"interpolated",1,0.98,5.279,5.227,5.33,100
"Maui Nui",105,"interpolated",2,0.98,4.594,4.541,4.647,100
"O'ahu Island",111,"interpolated",0,0.98,11.653,11.398,11.909,100
"O'ahu Island",111,"interpolated",1,0.98,7.525,7.388,7.663,100
"O'ahu Island",111,"interpolated",2,0.98,5.879,5.721,6.038,100
